date,open,high,low,close,volume,adj_close
2019-01-02,38.72,39.71,38.56,39.48,148158800,37.62
2019-01-03,35.99,36.43,35.5,35.55,365248800,33.87
2019-01-04,36.13,37.14,35.95,37.06,234428400,35.32
2019-01-07,37.17,37.21,36.47,36.98,219111200,35.24
2019-01-08,37.39,37.96,37.13,37.69,164101200,35.91
2019-01-09,37.82,38.63,37.41,38.33,180396400,36.52
2019-01-10,38.12,38.49,37.72,38.45,143122800,36.64
2019-01-11,38.22,38.42,37.88,38.07,108092800,36.28
2019-01-14,37.71,37.82,37.31,37.5,129756800,35.73
2019-01-15,37.57,38.35,37.51,38.27,114843600,36.46
2019-01-16,38.27,38.97,38.25,38.74,122278800,36.91
2019-01-17,38.55,39.42,38.31,38.97,119284800,37.13
2019-01-18,39.38,39.47,38.99,39.21,135004000,37.36
2019-01-22,39.1,39.18,38.15,38.33,121576000,36.52
2019-01-23,38.54,38.78,37.92,38.48,92522400,36.67
2019-01-24,38.53,38.62,37.94,38.17,101766000,36.37
2019-01-25,38.87,39.53,38.58,39.44,134142000,37.58
2019-01-28,38.95,39.08,38.42,39.08,104768400,37.23
2019-01-29,39.06,39.53,38.53,38.67,166348800,36.85
2019-01-30,40.81,41.54,40.06,41.31,244439200,39.36
2019-01-31,41.53,42.25,41.14,41.61,162958400,39.65
2019-02-01,41.74,42.24,41.48,41.63,130672400,39.67
2019-02-04,41.85,42.92,41.82,42.81,125982000,40.79
2019-02-05,43.22,43.77,43.09,43.54,144406400,41.49
2019-02-06,43.66,43.89,43.21,43.56,112958400,41.51
2019-02-07,43.1,43.49,42.58,42.74,126966800,40.72
2019-02-08,42.25,42.67,42.1,42.6,95280000,40.77
2019-02-11,42.76,42.8,42.31,42.36,83973600,40.53
2019-02-12,42.53,42.75,42.42,42.72,89134000,40.88
2019-02-13,42.85,43.12,42.48,42.54,89960800,40.71
2019-02-14,42.43,42.81,42.35,42.7,87342800,40.86
2019-02-15,42.81,42.92,42.44,42.6,98507200,40.77
2019-02-19,42.43,42.86,42.37,42.73,75891200,40.89
2019-02-20,42.8,43.33,42.75,43.01,104457600,41.15
2019-02-21,42.95,43.09,42.58,42.76,68998800,40.92
2019-02-22,42.9,43.25,42.85,43.24,75652800,41.38
2019-02-25,43.54,43.97,43.49,43.56,87493600,41.68
2019-02-26,43.43,43.83,43.29,43.58,68280800,41.7
2019-02-27,43.3,43.75,43.18,43.72,111341600,41.83
2019-02-28,43.58,43.73,43.23,43.29,112861600,41.42
2019-03-01,43.57,43.79,43.22,43.74,103544800,41.86
2019-03-04,43.92,44.44,43.49,43.96,109744800,42.07
2019-03-05,43.99,44.0,43.63,43.88,78949600,41.99
2019-03-06,43.67,43.87,43.49,43.63,83241600,41.75
2019-03-07,43.47,43.61,43.01,43.12,99185600,41.27
2019-03-08,42.58,43.27,42.38,43.23,95997600,41.37
2019-03-11,43.87,44.78,43.84,44.72,128044000,42.8
2019-03-12,45.0,45.67,44.84,45.23,129870400,43.28
2019-03-13,45.56,45.83,45.23,45.43,124130000,43.47
2019-03-14,45.97,46.03,45.64,45.93,94318000,43.95
2019-03-15,46.21,46.83,45.94,46.53,156171600,44.53
2019-03-18,46.45,47.1,46.45,47.01,104879200,44.98
2019-03-19,47.09,47.25,46.48,46.63,126585600,44.62
2019-03-20,46.56,47.37,46.18,47.04,124140800,45.01
2019-03-21,47.51,49.08,47.45,48.77,204136800,46.67
2019-03-22,48.83,49.42,47.69,47.76,169630800,45.7
2019-03-25,47.88,47.99,46.65,47.19,175381200,45.15
2019-03-26,47.92,48.22,46.15,46.7,199202000,44.69
2019-03-27,47.19,47.44,46.64,47.12,119393600,45.09
2019-03-28,47.24,47.39,46.88,47.18,83121600,45.15
2019-03-29,47.46,47.52,47.13,47.49,94256000,45.44
2019-04-01,47.91,47.92,47.1,47.81,111448000,45.75
2019-04-02,47.77,48.62,47.76,48.51,91062800,46.42
2019-04-03,48.31,49.12,48.29,48.84,93087200,46.73
2019-04-04,48.7,49.09,48.28,48.92,76457200,46.81
2019-04-05,49.11,49.28,48.98,49.25,74106400,47.13
2019-04-08,49.1,50.06,49.08,50.03,103526800,47.87
2019-04-09,50.08,50.71,49.81,49.88,143072800,47.73
2019-04-10,49.67,50.19,49.54,50.15,86781200,47.99
2019-04-11,50.21,50.25,49.61,49.74,83603200,47.59
2019-04-12,49.8,50.03,49.05,49.72,111042800,47.58
2019-04-15,49.65,49.96,49.5,49.81,70146400,47.66
2019-04-16,49.87,50.34,49.64,49.81,102785600,47.67
2019-04-17,49.88,50.85,49.65,50.78,115627200,48.59
2019-04-18,50.78,51.04,50.63,50.97,96783200,48.77
2019-04-22,50.71,51.24,50.58,51.13,77758000,48.93
2019-04-23,51.11,51.94,50.97,51.87,93292000,49.64
2019-04-24,51.84,52.12,51.76,51.79,70162400,49.56
2019-04-25,51.71,51.94,51.28,51.32,74172800,49.11
2019-04-26,51.22,51.25,50.53,51.08,74596400,48.87
2019-04-29,51.1,51.49,50.97,51.15,88818800,48.95
2019-04-30,50.76,50.85,49.78,50.17,186139600,48.01
2019-05-01,52.47,53.83,52.31,52.63,259309200,50.36
2019-05-02,52.46,53.16,52.03,52.29,127985200,50.03
2019-05-03,52.72,52.96,52.56,52.94,83569600,50.66
2019-05-06,51.07,52.21,50.88,52.12,129772400,49.87
2019-05-07,51.47,51.85,50.21,50.72,155054800,48.53
2019-05-08,50.47,51.33,50.44,50.72,105358000,48.54
2019-05-09,50.1,50.42,49.17,50.18,139634400,48.02
2019-05-10,49.35,49.71,48.19,49.29,164834800,47.35
2019-05-13,46.93,47.37,45.71,46.43,229722400,44.6
2019-05-14,46.6,47.42,46.35,47.17,146118800,45.31
2019-05-15,46.57,47.94,46.51,47.73,106178800,45.85
2019-05-16,47.48,48.12,47.21,47.52,132125600,45.65
2019-05-17,46.73,47.72,46.69,47.25,131516400,45.39
2019-05-20,45.88,46.09,45.07,45.77,154449200,43.97
2019-05-21,46.31,47.0,46.17,46.65,113459200,44.81
2019-05-22,46.17,46.43,45.64,45.69,118994400,43.89
2019-05-23,44.95,45.13,44.45,44.92,146118800,43.15
2019-05-24,45.05,45.53,44.65,44.74,94858800,42.98
2019-05-28,44.73,45.15,44.48,44.56,111792800,42.8
2019-05-29,44.1,44.84,44.0,44.35,113924800,42.6
2019-05-30,44.49,44.81,44.17,44.58,84873600,42.82
2019-05-31,44.06,44.5,43.75,43.77,108174400,42.04
2019-06-03,43.9,44.48,42.57,43.33,161584400,41.62
2019-06-04,43.86,44.96,43.63,44.91,123872000,43.14
2019-06-05,46.07,46.25,45.28,45.63,119093600,43.84
2019-06-06,45.77,46.37,45.54,46.31,90105200,44.48
2019-06-07,46.63,47.98,46.44,47.54,122737600,45.66
2019-06-10,47.95,48.84,47.9,48.15,104883600,46.25
2019-06-11,48.72,49.0,48.4,48.7,107731600,46.78
2019-06-12,48.49,48.99,48.35,48.55,73012800,46.63
2019-06-13,48.67,49.2,48.4,48.54,86698400,46.63
2019-06-14,47.89,48.4,47.58,48.19,75046000,46.29
2019-06-17,48.22,48.74,48.04,48.47,58676400,46.56
2019-06-18,49.01,50.07,48.8,49.61,106204000,47.66
2019-06-19,49.92,49.97,49.33,49.47,84496800,47.52
2019-06-20,50.09,50.15,49.51,49.87,86056000,47.9
2019-06-21,49.7,50.21,49.54,49.69,191202400,47.74
2019-06-24,49.63,50.04,49.54,49.65,72881600,47.69
2019-06-25,49.61,49.81,48.82,48.89,84281200,46.97
2019-06-26,49.44,50.25,49.34,49.95,104270000,47.98
2019-06-27,50.07,50.39,49.89,49.94,83598800,47.97
2019-06-28,49.67,49.88,49.26,49.48,124442400,47.53
2019-07-01,50.79,51.12,50.16,50.39,109012000,48.4
2019-07-02,50.35,50.78,50.34,50.68,67740800,48.69
2019-07-03,50.82,51.11,50.67,51.1,45448000,49.09
2019-07-05,50.84,51.27,50.72,51.06,69062000,49.05
2019-07-08,50.2,50.35,49.6,50.01,101354400,48.04
2019-07-09,49.8,50.38,49.7,50.31,82312000,48.33
2019-07-10,50.46,50.93,50.39,50.81,71588400,48.81
2019-07-11,50.83,51.1,50.43,50.44,80767200,48.45
2019-07-12,50.61,51.0,50.55,50.83,70380800,48.82
2019-07-15,51.02,51.47,51.0,51.3,67789600,49.28
2019-07-16,51.15,51.53,50.88,51.12,67467200,49.11
2019-07-17,51.01,51.27,50.82,50.84,56430000,48.83
2019-07-18,51.0,51.47,50.92,51.42,74162400,49.39
2019-07-19,51.45,51.62,50.59,50.65,83717200,48.65
2019-07-22,50.91,51.81,50.9,51.81,89111600,49.76
2019-07-23,52.12,52.23,51.82,52.21,73420800,50.15
2019-07-24,51.92,52.29,51.79,52.17,59966400,50.11
2019-07-25,52.22,52.31,51.68,51.76,55638400,49.72
2019-07-26,51.87,52.43,51.78,51.94,70475600,49.89
2019-07-29,52.12,52.66,52.11,52.42,86693600,50.35
2019-07-30,52.19,52.54,51.83,52.19,135742800,50.14
2019-07-31,54.1,55.34,52.83,53.26,277125600,51.16
2019-08-01,53.47,54.51,51.69,52.11,216071600,50.05
2019-08-02,51.38,51.61,50.41,51.01,163448400,49.0
2019-08-05,49.5,49.66,48.15,48.33,209572000,46.43
2019-08-06,49.08,49.52,48.51,49.25,143299200,47.31
2019-08-07,48.85,49.89,48.46,49.76,133457600,47.8
2019-08-08,50.05,50.88,49.85,50.86,108038000,48.85
2019-08-09,50.33,50.69,49.82,50.25,98478800,48.45
2019-08-12,49.9,50.51,49.79,50.12,89927600,48.33
2019-08-13,50.26,53.03,50.12,52.24,188874000,50.38
2019-08-14,50.79,51.61,50.65,50.69,146189600,48.88
2019-08-15,50.87,51.28,49.92,50.44,108909600,48.63
2019-08-16,51.07,51.79,50.96,51.62,110481600,49.78
2019-08-19,52.65,53.18,52.51,52.59,97654400,50.71
2019-08-20,52.72,53.34,52.58,52.59,107537200,50.71
2019-08-21,53.25,53.41,52.9,53.16,86141600,51.26
2019-08-22,53.3,53.61,52.69,53.12,89014800,51.22
2019-08-23,52.36,53.01,50.25,50.66,187272000,48.85
2019-08-26,51.47,51.8,51.26,51.62,104174400,49.78
2019-08-27,51.97,52.14,50.88,51.04,103493200,49.22
2019-08-28,51.03,51.43,50.83,51.38,63755200,49.55
2019-08-29,52.12,52.33,51.67,52.25,83962000,50.38
2019-08-30,52.54,52.61,51.8,52.19,84573600,50.32
2019-09-03,51.61,51.74,51.06,51.42,80092000,49.59
2019-09-04,52.1,52.37,51.83,52.3,76752400,50.43
2019-09-05,53.0,53.49,52.88,53.32,95654800,51.41
2019-09-06,53.51,53.6,53.13,53.31,77449200,51.41
2019-09-09,53.71,54.11,52.77,53.54,109237600,51.63
2019-09-10,53.47,54.19,52.93,54.17,127111600,52.24
2019-09-11,54.52,55.93,54.43,55.9,177158400,53.9
2019-09-12,56.2,56.6,55.72,55.77,128906800,53.78
2019-09-13,55.0,55.2,54.26,54.69,159053200,52.73
2019-09-16,54.43,55.03,54.39,54.97,84632400,53.01
2019-09-17,54.99,55.21,54.78,55.17,73274800,53.2
2019-09-18,55.26,55.71,54.86,55.69,101360000,53.7
2019-09-19,55.5,55.94,55.09,55.24,88242400,53.27
2019-09-20,55.35,55.64,54.37,54.43,221652400,52.49
2019-09-23,54.74,54.96,54.41,54.68,76662000,52.73
2019-09-24,55.26,55.62,54.3,54.42,124763200,52.47
2019-09-25,54.64,55.38,54.28,55.26,87613600,53.28
2019-09-26,55.0,55.24,54.71,54.97,75334000,53.01
2019-09-27,55.13,55.24,54.32,54.71,101408000,52.75
2019-09-30,55.22,56.15,55.2,55.99,103909600,53.99
2019-10-01,56.27,57.06,56.05,56.15,139223200,54.14
2019-10-02,55.76,55.9,54.48,54.74,138449200,52.78
2019-10-03,54.61,55.24,53.78,55.21,114426000,53.23
2019-10-04,56.41,56.87,55.97,56.75,138478800,54.72
2019-10-07,56.57,57.48,56.46,56.76,122306000,54.74
2019-10-08,56.46,57.01,56.08,56.1,111820000,54.09
2019-10-09,56.76,56.95,56.41,56.76,74770400,54.73
2019-10-10,56.98,57.61,56.83,57.52,113013600,55.47
2019-10-11,58.24,59.41,58.08,59.05,166795600,56.94
2019-10-14,58.72,59.53,58.67,58.97,96427600,56.86
2019-10-15,59.1,59.41,58.72,58.83,87360000,56.73
2019-10-16,58.34,58.81,58.3,58.59,73903200,56.5
2019-10-17,58.77,59.04,58.38,58.82,67585200,56.72
2019-10-18,58.65,59.4,58.57,59.1,97433600,56.99
2019-10-21,59.38,60.25,59.33,60.13,87247200,57.98
2019-10-22,60.29,60.55,59.9,59.99,82293600,57.85
2019-10-23,60.53,60.81,60.31,60.79,75828800,58.62
2019-10-24,61.13,61.2,60.45,60.9,69275200,58.72
2019-10-25,60.79,61.68,60.72,61.65,73477200,59.44
2019-10-28,61.85,62.31,61.68,62.26,96572800,60.04
2019-10-29,62.24,62.44,60.64,60.82,142839600,58.65
2019-10-30,61.19,61.33,60.3,60.81,124522000,58.64
2019-10-31,61.81,62.29,59.31,62.19,139162000,59.97
2019-11-01,62.38,63.98,62.29,63.96,151125200,61.67
2019-11-04,64.33,64.46,63.85,64.38,103272000,62.07
2019-11-05,64.26,64.55,64.08,64.28,79897600,61.98
2019-11-06,64.19,64.37,63.84,64.31,75864400,62.01
2019-11-07,64.68,65.09,64.53,64.86,94940400,62.73
2019-11-08,64.67,65.11,64.21,65.04,69986400,62.9
2019-11-11,64.57,65.62,64.57,65.55,81821200,63.4
2019-11-12,65.39,65.7,65.23,65.49,87388800,63.34
2019-11-13,65.28,66.19,65.27,66.12,102734400,63.95
2019-11-14,65.94,66.22,65.53,65.66,89182800,63.5
2019-11-15,65.92,66.44,65.75,66.44,100206400,64.26
2019-11-18,66.45,66.86,66.06,66.78,86703200,64.58
2019-11-19,66.97,67.0,66.35,66.57,76167200,64.39
2019-11-20,66.39,66.52,65.1,65.8,106234400,63.64
2019-11-21,65.92,66.0,65.29,65.5,121395200,63.35
2019-11-22,65.65,65.79,65.21,65.44,65325200,63.3
2019-11-25,65.68,66.61,65.63,66.59,84020400,64.4
2019-11-26,66.74,66.79,65.62,66.07,105207600,63.9
2019-11-27,66.39,67.0,66.33,66.96,65235600,64.76
2019-11-29,66.65,67.0,66.47,66.81,46617600,64.62
2019-12-02,66.82,67.06,65.86,66.04,94487200,63.87
2019-12-03,64.58,64.88,64.07,64.86,114430400,62.73
2019-12-04,65.27,65.83,65.17,65.43,67181600,63.29
2019-12-05,65.95,66.47,65.68,66.39,74424400,64.21
2019-12-06,66.87,67.75,66.82,67.68,106075600,65.45
2019-12-09,67.5,67.7,66.23,66.73,128042400,64.54
2019-12-10,67.15,67.52,66.46,67.12,90420400,64.92
2019-12-11,67.2,67.78,67.12,67.69,78756800,65.47
2019-12-12,66.94,68.14,66.83,67.86,137310400,65.64
2019-12-13,67.86,68.82,67.73,68.79,133587600,66.53
2019-12-16,69.25,70.2,69.25,69.96,128186000,67.67
2019-12-17,69.89,70.44,69.7,70.1,114158400,67.8
2019-12-18,69.95,70.47,69.78,69.93,116028400,67.64
2019-12-19,69.88,70.29,69.74,70.0,98369200,67.71
2019-12-20,70.56,70.66,69.64,69.86,275978000,67.57
2019-12-23,70.13,71.06,70.09,71.0,98572000,68.67
2019-12-24,71.17,71.22,70.73,71.07,48478800,68.73
2019-12-26,71.21,72.5,71.18,72.48,93121200,70.1
2019-12-27,72.78,73.49,72.03,72.45,146266000,70.07
2019-12-30,72.36,73.17,71.31,72.88,144114400,70.49
2019-12-31,72.48,73.42,72.38,73.41,100805600,71.0
2020-01-02,74.06,75.15,73.8,75.09,135480400,72.62
2020-01-03,74.29,75.14,74.12,74.36,146322800,71.91
2020-01-06,73.45,74.99,73.19,74.95,118387200,72.49
2020-01-07,74.96,75.22,74.37,74.6,108872000,72.15
2020-01-08,74.29,76.11,74.29,75.8,132079200,73.31
2020-01-09,76.81,77.61,76.55,77.41,170108400,74.86
2020-01-10,77.65,78.17,77.06,77.58,140644800,75.03
2020-01-13,77.91,79.27,77.79,79.24,121532000,76.64
2020-01-14,79.18,79.39,78.04,78.17,161954400,75.6
2020-01-15,77.96,78.88,77.39,77.83,121923600,75.28
2020-01-16,78.4,78.93,78.02,78.81,108829200,76.22
2020-01-17,79.07,79.68,78.75,79.68,137816400,77.06
2020-01-21,79.3,79.75,79.0,79.14,110843200,76.54
2020-01-22,79.64,80.0,79.33,79.43,101832400,76.82
2020-01-23,79.48,79.89,78.91,79.81,104472000,77.19
2020-01-24,80.06,80.83,79.38,79.58,146537600,76.96
2020-01-27,77.51,77.94,76.22,77.24,161940000,74.7
2020-01-28,78.15,79.6,78.05,79.42,162234000,76.81
2020-01-29,81.11,81.96,80.35,81.08,216229200,78.42
2020-01-30,80.14,81.02,79.69,80.97,126743200,78.31
2020-01-31,80.23,80.67,77.07,77.38,199588400,74.84
2020-02-03,76.07,78.37,75.56,77.17,173788400,74.63
2020-02-04,78.83,79.91,78.41,79.71,136616400,77.09
2020-02-05,80.88,81.19,79.74,80.36,118826800,77.72
2020-02-06,80.64,81.31,80.07,81.3,105425600,78.63
2020-02-07,80.59,80.85,79.5,80.01,117684000,77.56
2020-02-10,78.54,80.39,78.46,80.39,109348800,77.93
2020-02-11,80.9,80.97,79.68,79.9,94323200,77.46
2020-02-12,80.37,81.81,80.37,81.8,113730400,79.3
2020-02-13,81.05,81.56,80.84,81.22,94747600,78.74
2020-02-14,81.18,81.5,80.71,81.24,80113600,78.76
2020-02-18,78.84,79.94,78.65,79.75,152531200,77.31
2020-02-19,80.0,81.14,80.0,80.9,93984000,78.43
2020-02-20,80.66,81.16,79.55,80.07,100566000,77.63
2020-02-21,79.65,80.11,77.62,78.26,129554000,75.87
2020-02-24,74.32,76.04,72.31,74.54,222195200,72.27
2020-02-25,75.24,75.63,71.53,72.02,230673600,69.82
2020-02-26,71.63,74.47,71.62,73.16,198054800,70.93
2020-02-27,70.28,71.5,68.24,68.38,320605600,66.29
2020-02-28,64.32,69.6,64.09,68.34,426510000,66.25
2020-03-02,70.57,75.36,69.43,74.7,341397200,72.42
2020-03-03,75.92,76.0,71.45,72.33,319475600,70.12
2020-03-04,74.11,75.85,73.28,75.68,219178400,73.37
2020-03-05,73.88,74.89,72.85,73.23,187572800,70.99
2020-03-06,70.5,72.71,70.31,72.26,226176800,70.05
2020-03-09,65.94,69.52,65.75,66.54,286744800,64.51
2020-03-10,69.29,71.61,67.34,71.33,285290000,69.16
2020-03-11,69.35,70.31,67.96,68.86,255598800,66.75
2020-03-12,63.99,67.5,62.0,62.06,418474000,60.16
2020-03-13,66.22,69.98,63.24,69.49,370732000,67.37
2020-03-16,60.49,64.77,60.0,60.55,322423600,58.7
2020-03-17,61.88,64.4,59.6,63.22,324056000,61.28
2020-03-18,59.94,62.5,59.28,61.67,300233600,59.78
2020-03-19,61.85,63.21,60.65,61.19,271857200,59.33
2020-03-20,61.79,62.96,57.0,57.31,401693200,55.56
2020-03-23,57.02,57.12,53.15,56.09,336752800,54.38
2020-03-24,59.09,61.92,58.58,61.72,287531200,59.83
2020-03-25,62.69,64.56,61.08,61.38,303602000,59.5
2020-03-26,61.63,64.67,61.59,64.61,252087200,62.64
2020-03-27,63.19,63.97,61.76,61.94,204216800,60.04
2020-03-30,62.69,63.88,62.35,63.7,167976400,61.76
2020-03-31,63.9,65.62,63.0,63.57,197002000,61.63
2020-04-01,61.62,62.18,59.78,60.23,176218400,58.39
2020-04-02,60.08,61.29,59.22,61.23,165934000,59.36
2020-04-03,60.7,61.42,59.74,60.35,129880000,58.51
2020-04-06,62.72,65.78,62.35,65.62,201820400,63.61
2020-04-07,67.7,67.93,64.75,64.86,202887200,62.88
2020-04-08,65.68,66.84,65.31,66.52,168895200,64.49
2020-04-09,67.18,67.52,66.18,67.0,161834800,64.95
2020-04-13,67.08,68.43,66.46,68.31,131022800,66.23
2020-04-14,70.0,72.06,69.51,71.76,194994800,69.57
2020-04-15,70.6,71.58,70.16,71.11,131154400,68.93
2020-04-16,71.85,72.05,70.59,71.67,157125200,69.48
2020-04-17,71.17,71.74,69.21,70.7,215250000,68.54
2020-04-20,69.49,70.42,69.21,69.23,130015200,67.12
2020-04-21,69.07,69.31,66.36,67.09,180991600,65.04
2020-04-22,68.4,69.47,68.05,69.03,116862400,66.92
2020-04-23,68.97,70.44,68.72,68.76,124814400,66.66
2020-04-24,69.3,70.75,69.25,70.74,126161200,68.58
2020-04-27,70.45,71.14,69.99,70.79,117087600,68.63
2020-04-28,71.27,71.46,69.55,69.64,112004800,67.52
2020-04-29,71.18,72.42,70.97,71.93,137280800,69.73
2020-04-30,72.49,73.63,72.09,73.45,183064000,71.21
2020-05-01,71.56,74.75,71.46,72.27,240616800,70.06
2020-05-04,72.29,73.42,71.58,73.29,133568000,71.05
2020-05-05,73.76,75.25,73.61,74.39,147751200,72.12
2020-05-06,75.11,75.81,74.72,75.16,142333600,72.86
2020-05-07,75.81,76.29,75.49,75.93,115215200,73.61
2020-05-08,76.41,77.59,76.07,77.53,133838400,75.37
2020-05-11,77.03,79.26,76.81,78.75,145946400,76.55
2020-05-12,79.46,79.92,77.73,77.85,162301200,75.68
2020-05-13,78.04,78.99,75.8,76.91,200622400,74.76
2020-05-14,76.13,77.45,75.38,77.39,158929200,75.22
2020-05-15,75.09,76.97,75.05,76.93,166348400,74.78
2020-05-18,78.29,79.12,77.58,78.74,135178400,76.54
2020-05-19,78.76,79.63,78.25,78.29,101729600,76.1
2020-05-20,79.17,79.88,79.13,79.81,111504800,77.58
2020-05-21,79.67,80.22,78.97,79.21,102688800,77.0
2020-05-22,78.94,79.81,78.84,79.72,81803200,77.5
2020-05-26,80.88,81.06,79.12,79.18,125522000,76.97
2020-05-27,79.04,79.68,78.27,79.53,112945200,77.31
2020-05-28,79.19,80.86,78.91,79.56,133560800,77.34
2020-05-29,79.81,80.29,79.12,79.49,153532400,77.26
2020-06-01,79.44,80.59,79.3,80.46,80791200,78.22
2020-06-02,80.19,80.86,79.73,80.83,87642800,78.58
2020-06-03,81.17,81.55,80.57,81.28,104491200,79.01
2020-06-04,81.1,81.4,80.19,80.58,87560400,78.33
2020-06-05,80.84,82.94,80.81,82.88,137250400,80.56
2020-06-08,82.56,83.4,81.83,83.36,95654400,81.04
2020-06-09,83.04,86.4,83.0,86.0,147712400,83.6
2020-06-10,86.97,88.69,86.52,88.21,166651600,85.75
2020-06-11,87.33,87.76,83.87,83.97,201662400,81.63
2020-06-12,86.18,86.95,83.56,84.7,200146000,82.33
2020-06-15,83.31,86.42,83.14,85.75,138808800,83.35
2020-06-16,87.86,88.3,86.18,88.02,165428800,85.56
2020-06-17,88.79,88.85,87.77,87.9,114406400,85.44
2020-06-18,87.85,88.36,87.31,87.93,96820400,85.48
2020-06-19,88.66,89.14,86.29,87.43,264476000,84.99
2020-06-22,87.83,89.86,87.79,89.72,135445200,87.21
2020-06-23,91.0,93.1,90.57,91.63,212155600,89.07
2020-06-24,91.25,92.2,89.63,90.01,192623200,87.5
2020-06-25,90.18,91.25,89.39,91.21,137522400,88.66
2020-06-26,91.1,91.33,88.25,88.41,205256800,85.94
2020-06-29,88.31,90.54,87.82,90.44,130646000,87.92
2020-06-30,90.02,91.5,90.0,91.2,140223200,88.65
2020-07-01,91.28,91.84,90.98,91.03,110737200,88.49
2020-07-02,91.96,92.62,90.91,91.03,114041600,88.49
2020-07-06,92.5,93.94,92.47,93.46,118655600,90.85
2020-07-07,93.85,94.65,93.06,93.17,112424400,90.57
2020-07-08,94.18,95.38,94.09,95.34,117092000,92.68
2020-07-09,96.26,96.32,94.67,95.75,125642800,93.08
2020-07-10,95.33,95.98,94.71,95.92,90257200,93.24
2020-07-13,97.26,99.96,95.26,95.48,191649200,92.81
2020-07-14,94.84,97.25,93.88,97.06,170989200,94.35
2020-07-15,98.99,99.25,96.49,97.72,153198000,95.0
2020-07-16,96.56,97.4,95.9,96.52,110577600,93.83
2020-07-17,96.99,97.15,95.84,96.33,92186800,93.64
2020-07-20,96.42,98.5,96.06,98.36,90318000,95.61
2020-07-21,99.17,99.25,96.74,97.0,103433200,94.29
2020-07-22,96.69,97.97,96.6,97.27,89001600,94.56
2020-07-23,97.0,97.08,92.01,92.85,197004400,90.25
2020-07-24,90.99,92.97,89.14,92.61,185438800,90.03
2020-07-27,93.71,94.9,93.48,94.81,121214000,92.16
2020-07-28,94.37,94.55,93.25,93.25,103625600,90.65
2020-07-29,93.75,95.23,93.71,95.04,90329200,92.39
2020-07-30,94.19,96.3,93.77,96.19,158130000,93.5
2020-07-31,102.89,106.42,100.82,106.26,374336800,103.29
2020-08-03,108.2,111.64,107.89,108.94,308151200,105.89
2020-08-04,109.13,110.79,108.39,109.67,173071600,106.6
2020-08-05,109.38,110.39,108.9,110.06,121776800,106.99
2020-08-06,110.4,114.41,109.8,113.9,202428800,110.72
2020-08-07,113.21,113.68,110.29,111.11,198045600,108.2
2020-08-10,112.6,113.78,110.0,112.73,212403600,109.78
2020-08-11,111.97,112.48,109.11,109.38,187902400,106.51
2020-08-12,110.5,113.28,110.3,113.01,165598000,110.05
2020-08-13,114.43,116.04,113.93,115.01,210082000,112.0
2020-08-14,114.83,115.0,113.04,114.91,165565200,111.9
2020-08-17,116.06,116.09,113.96,114.61,119561600,111.61
2020-08-18,114.35,116.0,114.01,115.56,105633600,112.54
2020-08-19,115.98,117.16,115.61,115.71,145538000,112.68
2020-08-20,115.75,118.39,115.73,118.28,126907200,115.18
2020-08-21,119.26,124.87,119.25,124.37,338054800,121.11
2020-08-24,128.7,128.79,123.94,125.86,345937600,122.56
2020-08-25,124.7,125.18,123.05,124.82,211495600,121.56
2020-08-26,126.18,126.99,125.08,126.52,163022400,123.21
2020-08-27,127.14,127.49,123.83,125.01,155552400,121.74
2020-08-28,126.01,126.44,124.58,124.81,187630000,121.54
2020-08-31,127.58,131.0,126.0,129.04,225702700,125.66
2020-09-01,132.76,134.8,130.53,134.18,151948100,130.67
2020-09-02,137.59,137.98,127.0,131.4,200119000,127.96
2020-09-03,126.91,128.84,120.5,120.88,257599600,117.72
2020-09-04,120.07,123.7,110.89,120.96,332607200,117.79
2020-09-08,113.95,118.99,112.68,112.82,231366600,109.87
2020-09-09,117.26,119.14,115.26,117.32,176940500,114.25
2020-09-10,120.36,120.5,112.5,113.49,182274400,110.52
2020-09-11,114.57,115.23,110.0,112.0,180860300,109.07
2020-09-14,114.72,115.93,112.8,115.36,140150100,112.34
2020-09-15,118.33,118.83,113.61,115.54,184642000,112.52
2020-09-16,115.23,116.0,112.04,112.13,154679000,109.19
2020-09-17,109.72,112.2,108.71,110.34,178011000,107.45
2020-09-18,110.4,110.88,106.09,106.84,287104900,104.04
2020-09-21,104.54,110.19,103.1,110.08,195713800,107.2
2020-09-22,112.68,112.86,109.16,111.81,183055400,108.88
2020-09-23,111.62,112.11,106.77,107.12,150718700,104.32
2020-09-24,105.17,110.25,105.0,108.22,167743300,105.39
2020-09-25,108.43,112.44,107.67,112.28,149981400,109.34
2020-09-28,115.01,115.32,112.78,114.96,137672400,111.95
2020-09-29,114.55,115.31,113.57,114.09,99382200,111.1
2020-09-30,113.79,117.26,113.62,115.81,142675200,112.78
2020-10-01,117.64,117.72,115.83,116.79,116120400,113.73
2020-10-02,112.89,115.37,112.22,113.02,144712000,110.06
2020-10-05,113.91,116.65,113.55,116.5,106243800,113.45
2020-10-06,115.7,116.12,112.25,113.16,161498200,110.2
2020-10-07,114.62,115.55,114.13,115.08,96849000,112.07
2020-10-08,116.25,116.4,114.59,114.97,83477200,111.96
2020-10-09,115.28,117.0,114.92,116.97,100506900,113.91
2020-10-12,120.06,125.18,119.28,124.4,240226800,121.14
2020-10-13,125.27,125.39,119.65,121.1,262330500,117.93
2020-10-14,121.0,123.03,119.62,121.19,150712000,118.02
2020-10-15,118.72,121.2,118.15,120.71,112559200,117.55
2020-10-16,121.28,121.55,118.81,119.02,115393800,115.9
2020-10-19,119.96,120.42,115.66,115.98,120639300,112.94
2020-10-20,116.2,118.98,115.63,117.51,124423700,114.43
2020-10-21,116.67,118.71,116.45,116.87,89946000,113.81
2020-10-22,117.45,118.04,114.59,115.75,101988000,112.72
2020-10-23,116.39,116.55,114.28,115.04,82572600,112.03
2020-10-26,114.01,116.55,112.88,115.05,111850700,112.04
2020-10-27,115.49,117.28,114.54,116.6,92276800,113.55
2020-10-28,115.05,115.43,111.1,111.2,143937800,108.29
2020-10-29,112.37,116.93,112.2,115.32,146129200,112.3
2020-10-30,111.06,111.99,107.72,108.86,190272600,106.01
2020-11-02,109.11,110.68,107.32,108.77,122866900,105.92
2020-11-03,109.66,111.49,108.73,110.44,107624400,107.55
2020-11-04,114.14,115.59,112.35,114.95,138235500,111.94
2020-11-05,117.95,119.62,116.87,119.03,126387100,115.91
2020-11-06,118.32,119.2,116.13,118.69,114457900,115.78
2020-11-09,120.5,121.99,116.05,116.32,154515300,113.47
2020-11-10,115.55,117.59,114.13,115.97,138023400,113.13
2020-11-11,117.19,119.63,116.44,119.49,112295000,116.56
2020-11-12,119.62,120.53,118.57,119.21,103162300,116.29
2020-11-13,119.44,119.67,117.87,119.26,81581900,116.34
2020-11-16,118.92,120.99,118.15,120.3,91183000,117.35
2020-11-17,119.55,120.67,118.96,119.39,74271000,116.47
2020-11-18,118.61,119.82,118.0,118.03,76322100,115.14
2020-11-19,117.59,119.06,116.81,118.64,74113000,115.73
2020-11-20,118.64,118.77,117.29,117.34,73604300,114.47
2020-11-23,117.18,117.62,113.75,113.85,127959300,111.06
2020-11-24,113.91,115.85,112.59,115.17,113874200,112.35
2020-11-25,115.55,116.75,115.17,116.03,76499200,113.19
2020-11-27,116.57,117.49,116.22,116.59,46691300,113.73
2020-11-30,116.97,120.97,116.81,119.05,169410200,116.13
2020-12-01,121.01,123.47,120.01,122.72,127728200,119.71
2020-12-02,122.02,123.37,120.89,123.08,89004200,120.06
2020-12-03,123.52,123.78,122.21,122.94,78967600,119.93
2020-12-04,122.6,122.86,121.52,122.25,78260400,119.26
2020-12-07,122.31,124.57,122.25,123.75,86712000,120.72
2020-12-08,124.37,124.98,123.09,124.38,82225500,121.33
2020-12-09,124.53,125.95,121.0,121.78,115089200,118.8
2020-12-10,120.5,123.87,120.15,123.24,81312200,120.22
2020-12-11,122.43,122.76,120.55,122.41,86939800,119.41
2020-12-14,122.6,123.35,121.54,121.78,79184500,118.8
2020-12-15,124.34,127.9,124.13,127.88,157243700,124.75
2020-12-16,127.41,128.37,126.56,127.81,98208600,124.68
2020-12-17,128.9,129.58,128.04,128.7,94359800,125.55
2020-12-18,128.96,129.1,126.12,126.66,192541500,123.56
2020-12-21,125.02,128.31,123.45,128.23,121251600,125.09
2020-12-22,131.61,134.41,129.65,131.88,168904800,128.65
2020-12-23,132.16,132.43,130.78,130.96,88223700,127.75
2020-12-24,131.32,133.46,131.1,131.97,54930100,128.74
2020-12-28,133.99,137.34,133.51,136.69,124486200,133.34
2020-12-29,138.05,138.79,134.34,134.87,121047300,131.57
2020-12-30,135.58,135.99,133.4,133.72,96452100,130.44
2020-12-31,134.08,134.74,131.72,132.69,99116600,129.44
2021-01-04,133.52,133.61,126.76,129.41,143301900,126.24
2021-01-05,128.89,131.74,128.43,131.01,97664900,127.8
2021-01-06,127.72,131.05,126.38,126.6,155088000,123.5
2021-01-07,128.36,131.63,127.86,130.92,109578200,127.71
2021-01-08,132.43,132.63,130.23,132.05,105158200,128.81
2021-01-11,129.19,130.17,128.5,128.98,100384500,125.82
2021-01-12,128.5,129.69,126.86,128.8,91951100,125.64
2021-01-13,128.76,131.45,128.49,130.89,88636800,127.68
2021-01-14,130.8,131.0,128.76,128.91,90221800,125.75
2021-01-15,128.78,130.22,127.0,127.14,111598500,124.03
2021-01-19,127.78,128.71,126.94,127.83,90757300,124.7
2021-01-20,128.66,132.49,128.55,132.03,104319500,128.8
2021-01-21,133.8,139.67,133.59,136.87,120150900,133.52
2021-01-22,136.28,139.85,135.02,139.07,114459400,135.66
2021-01-25,143.07,145.09,136.54,142.92,157611700,139.42
2021-01-26,143.6,144.3,141.37,143.16,98390600,139.65
2021-01-27,143.43,144.3,140.41,142.06,140843800,138.58
2021-01-28,139.52,141.99,136.7,137.09,142621100,133.73
2021-01-29,135.83,136.74,130.21,131.96,177523800,128.73
2021-02-01,133.75,135.38,130.93,134.14,106239800,130.85
2021-02-02,135.73,136.31,134.61,134.99,83305400,131.68
2021-02-03,135.76,135.77,133.61,133.94,89880900,130.66
2021-02-04,136.3,137.4,134.59,137.39,84183100,134.02
2021-02-05,137.35,137.42,135.86,136.76,75693800,133.61
2021-02-08,136.03,136.96,134.92,136.91,71297200,133.76
2021-02-09,136.62,137.88,135.85,136.01,76774200,132.88
2021-02-10,136.48,136.99,134.4,135.39,73046600,132.27
2021-02-11,135.9,136.39,133.77,135.13,64280000,132.02
2021-02-12,134.35,135.53,133.69,135.37,60145100,132.25
2021-02-16,135.49,136.01,132.79,133.19,80576300,130.12
2021-02-17,131.25,132.22,129.47,130.84,97918500,127.83
2021-02-18,129.2,130.0,127.41,129.71,96856700,126.72
2021-02-19,130.24,130.71,128.8,129.87,87668800,126.88
2021-02-22,128.01,129.72,125.6,126.0,103916400,123.1
2021-02-23,123.76,126.71,118.39,125.86,158273000,122.96
2021-02-24,124.94,125.56,122.23,125.35,111039900,122.46
2021-02-25,124.68,126.46,120.54,120.99,148199500,118.2
2021-02-26,122.59,124.85,121.2,121.26,164560400,118.47
2021-03-01,123.75,127.93,122.79,127.79,116307900,124.85
2021-03-02,128.41,128.72,125.01,125.12,102260900,122.24
2021-03-03,124.81,125.71,121.84,122.06,112966300,119.25
2021-03-04,121.75,123.6,118.62,120.13,178155000,117.36
2021-03-05,120.98,121.94,117.57,121.42,153766600,118.62
2021-03-08,120.93,121.0,116.21,116.36,154376600,113.68
2021-03-09,119.03,122.06,118.79,121.09,129525800,118.3
2021-03-10,121.69,122.17,119.45,119.98,111943300,117.22
2021-03-11,122.54,123.21,121.26,121.96,103026500,119.15
2021-03-12,120.4,121.17,119.16,121.03,88105100,118.24
2021-03-15,121.41,124.0,120.42,123.99,92403800,121.13
2021-03-16,125.7,127.22,124.72,125.57,115227900,122.68
2021-03-17,124.05,125.86,122.34,124.76,111932600,121.89
2021-03-18,122.88,123.18,120.32,120.53,121229700,117.75
2021-03-19,119.9,121.43,119.68,119.99,185549500,117.23
2021-03-22,120.33,123.87,120.26,123.39,111912300,120.55
2021-03-23,123.33,124.24,122.14,122.54,95467100,119.72
2021-03-24,122.82,122.9,120.07,120.09,88530500,117.32
2021-03-25,119.54,121.66,119.0,120.59,98844700,117.81
2021-03-26,120.35,121.48,118.92,121.21,94071200,118.42
2021-03-29,121.65,122.58,120.73,121.39,80819200,118.59
2021-03-30,120.11,120.4,118.86,119.9,85671900,117.14
2021-03-31,121.65,123.52,121.15,122.15,118323800,119.34
2021-04-01,123.66,124.18,122.49,123.0,75089100,120.17
2021-04-05,123.87,126.16,123.07,125.9,88651200,123.0
2021-04-06,126.5,127.13,125.65,126.21,80171300,123.3
2021-04-07,125.83,127.92,125.14,127.9,83466700,124.95
2021-04-08,128.95,130.39,128.52,130.36,88844600,127.36
2021-04-09,129.8,133.04,129.47,133.0,106686700,129.94
2021-04-12,132.52,132.85,130.63,131.24,91420000,128.22
2021-04-13,132.44,134.66,131.93,134.43,91266500,131.33
2021-04-14,134.94,135.0,131.66,132.03,87222800,128.99
2021-04-15,133.82,135.0,133.64,134.5,89347100,131.4
2021-04-16,134.3,134.67,133.28,134.16,84922400,131.07
2021-04-19,133.51,135.47,133.34,134.84,94264200,131.73
2021-04-20,135.02,135.53,131.81,133.11,94812300,130.04
2021-04-21,132.36,133.75,131.3,133.5,68847100,130.42
2021-04-22,133.04,134.15,131.41,131.94,84566500,128.9
2021-04-23,132.16,135.12,132.16,134.32,78657500,131.23
2021-04-26,134.83,135.06,133.56,134.72,66905100,131.62
2021-04-27,135.01,135.41,134.11,134.39,66015800,131.29
2021-04-28,134.31,135.02,133.08,133.58,107760100,130.5
2021-04-29,136.47,137.07,132.45,133.48,151101000,130.4
2021-04-30,131.78,133.56,131.07,131.46,109839500,128.43
2021-05-03,132.04,134.07,131.83,132.54,75135100,129.49
2021-05-04,131.19,131.49,126.7,127.85,137564700,124.9
2021-05-05,129.2,130.45,127.97,128.1,84000900,125.15
2021-05-06,127.89,129.75,127.13,129.74,78128300,126.75
2021-05-07,130.85,131.26,129.48,130.21,78973300,127.43
2021-05-10,129.41,129.54,126.81,126.85,88071200,124.14
2021-05-11,123.5,126.27,122.77,125.91,126142800,123.22
2021-05-12,123.4,124.64,122.25,122.77,112172300,120.15
2021-05-13,124.58,126.15,124.26,124.97,105861300,122.3
2021-05-14,126.25,127.89,125.85,127.45,81918000,124.72
2021-05-17,126.82,126.93,125.17,126.27,74244600,123.57
2021-05-18,126.56,126.99,124.78,124.85,63342900,122.18
2021-05-19,123.16,124.92,122.86,124.69,92612000,122.02
2021-05-20,125.23,127.72,125.1,127.31,76857100,124.59
2021-05-21,127.82,128.0,125.21,125.43,79295400,122.75
2021-05-24,126.01,127.94,125.94,127.1,63092900,124.38
2021-05-25,127.82,128.32,126.32,126.9,72009500,124.19
2021-05-26,126.96,127.39,126.42,126.85,56575900,124.14
2021-05-27,126.44,127.64,125.08,125.28,94625600,122.6
2021-05-28,125.57,125.8,124.55,124.61,71311100,121.95
2021-06-01,125.08,125.35,123.94,124.28,67637100,121.62
2021-06-02,124.28,125.24,124.05,125.06,59278900,122.39
2021-06-03,124.68,124.85,123.13,123.54,76229200,120.9
2021-06-04,124.07,126.16,123.85,125.89,75169300,123.2
2021-06-07,126.17,126.32,124.83,125.9,71057600,123.21
2021-06-08,126.6,128.46,126.21,126.74,74403800,124.03
2021-06-09,127.21,127.75,126.52,127.13,56877900,124.41
2021-06-10,127.02,128.19,125.94,126.11,71186400,123.41
2021-06-11,126.53,127.44,126.1,127.35,53522400,124.63
2021-06-14,127.82,130.54,127.07,130.48,96906500,127.69
2021-06-15,129.94,130.6,129.39,129.64,62746300,126.87
2021-06-16,130.37,130.89,128.46,130.15,91815000,127.37
2021-06-17,129.8,132.55,129.65,131.79,96721700,128.97
2021-06-18,130.71,131.51,130.24,130.46,108953300,127.67
2021-06-21,130.3,132.41,129.21,132.3,79663300,129.47
2021-06-22,132.13,134.08,131.62,133.98,74783600,131.12
2021-06-23,133.77,134.32,133.23,133.7,60214200,130.84
2021-06-24,134.45,134.64,132.93,133.41,68711000,130.56
2021-06-25,133.46,133.89,132.81,133.11,70783700,130.26
2021-06-28,133.41,135.25,133.35,134.78,62111300,131.9
2021-06-29,134.8,136.49,134.35,136.33,64556100,133.42
2021-06-30,136.17,137.41,135.87,136.96,63261400,134.03
2021-07-01,136.6,137.33,135.76,137.27,52485800,134.34
2021-07-02,137.9,140.0,137.75,139.96,78852600,136.97
2021-07-06,140.07,143.15,140.07,142.02,108181800,138.98
2021-07-07,143.54,144.89,142.66,144.57,104911600,141.48
2021-07-08,141.58,144.06,140.67,143.24,105575500,140.18
2021-07-09,142.75,145.65,142.65,145.11,99890800,142.01
2021-07-12,146.21,146.32,144.0,144.5,76299700,141.41
2021-07-13,144.03,147.46,143.63,145.64,100827100,142.53
2021-07-14,148.1,149.57,147.68,149.15,127050800,145.96
2021-07-15,149.24,150.0,147.09,148.48,106820300,145.31
2021-07-16,148.46,149.76,145.88,146.39,93251400,143.26
2021-07-19,143.75,144.07,141.67,142.45,121434600,139.4
2021-07-20,143.46,147.1,142.96,146.15,96350000,143.03
2021-07-21,145.53,146.13,144.63,145.4,74993500,142.29
2021-07-22,145.94,148.2,145.81,146.8,77338200,143.66
2021-07-23,147.55,148.72,146.92,148.56,71447400,145.38
2021-07-26,148.27,149.83,147.7,148.99,72434100,145.8
2021-07-27,149.12,149.21,145.55,146.77,104818600,143.63
2021-07-28,144.81,146.97,142.54,144.98,118931200,141.88
2021-07-29,144.69,146.55,144.58,145.64,56699500,142.53
2021-07-30,144.38,146.33,144.11,145.86,70440600,142.74
2021-08-02,146.36,146.95,145.25,145.52,62880000,142.41
2021-08-03,145.81,148.04,145.18,147.36,64786600,144.21
2021-08-04,147.27,147.79,146.28,146.95,56368300,143.81
2021-08-05,146.98,147.84,146.17,147.06,46397700,143.92
2021-08-06,146.35,147.11,145.63,146.14,54126800,143.23
2021-08-09,146.2,146.7,145.52,146.09,48908700,143.18
2021-08-10,146.44,147.71,145.3,145.6,69023100,142.7
2021-08-11,146.05,146.72,145.53,145.86,48493500,142.96
2021-08-12,146.19,149.05,145.84,148.89,72282600,145.92
2021-08-13,148.97,149.44,148.27,149.1,59375000,146.13
2021-08-16,148.54,151.19,146.47,151.12,103296000,148.11
2021-08-17,150.23,151.68,149.09,150.19,92229700,147.2
2021-08-18,149.8,150.72,146.15,146.36,86326000,143.45
2021-08-19,145.03,148.0,144.5,146.7,86960300,143.78
2021-08-20,147.44,148.5,146.78,148.19,60549600,145.24
2021-08-23,148.31,150.19,147.89,149.71,60131800,146.73
2021-08-24,149.45,150.86,149.15,149.62,48606400,146.64
2021-08-25,149.81,150.32,147.8,148.36,58991300,145.41
2021-08-26,148.35,149.12,147.51,147.54,48597200,144.6
2021-08-27,147.48,148.75,146.83,148.6,55802400,145.64
2021-08-30,149.0,153.49,148.61,153.12,90956700,150.07
2021-08-31,152.66,152.8,151.29,151.83,86453100,148.81
2021-09-01,152.83,154.98,152.34,152.51,80313700,149.47
2021-09-02,153.87,154.72,152.4,153.65,71115500,150.59
2021-09-03,153.76,154.63,153.09,154.3,57808700,151.23
2021-09-07,154.97,157.26,154.39,156.69,82278300,153.57
2021-09-08,156.98,157.04,153.98,155.11,74420200,152.02
2021-09-09,155.49,156.11,153.95,154.07,57305700,151.0
2021-09-10,155.0,155.48,148.7,148.97,140893200,146.0
2021-09-13,150.63,151.42,148.75,149.55,102404300,146.57
2021-09-14,150.35,151.07,146.91,148.12,109296300,145.17
2021-09-15,148.56,149.44,146.37,149.03,83281300,146.06
2021-09-16,148.44,148.97,147.22,148.79,68034100,145.83
2021-09-17,148.82,148.82,145.76,146.06,129868800,143.15
2021-09-20,143.8,144.84,141.27,142.94,123478900,140.09
2021-09-21,143.93,144.6,142.78,143.43,75834000,140.57
2021-09-22,144.45,146.43,143.7,145.85,76404300,142.95
2021-09-23,146.65,147.08,145.64,146.83,64838200,143.91
2021-09-24,145.66,147.47,145.56,146.92,53477900,143.99
2021-09-27,145.47,145.96,143.82,145.37,74150700,142.47
2021-09-28,143.25,144.75,141.69,141.91,108972300,139.08
2021-09-29,142.47,144.45,142.03,142.83,74602000,139.99
2021-09-30,143.66,144.38,141.28,141.5,89056700,138.68
2021-10-01,141.9,142.92,139.11,142.65,94639600,139.81
2021-10-04,141.76,142.21,138.27,139.14,98322000,136.37
2021-10-05,139.49,142.24,139.36,141.11,80861100,138.3
2021-10-06,139.47,142.15,138.37,142.0,83221100,139.17
2021-10-07,143.06,144.22,142.72,143.29,61732700,140.44
2021-10-08,144.03,144.18,142.56,142.9,58773200,140.05
2021-10-11,142.27,144.81,141.81,142.81,64452200,139.97
2021-10-12,143.23,143.25,141.04,141.51,73035900,138.69
2021-10-13,141.24,141.4,139.2,140.91,78762700,138.1
2021-10-14,142.11,143.88,141.51,143.76,69907100,140.9
2021-10-15,143.77,144.9,143.51,144.84,67940300,141.96
2021-10-18,143.45,146.84,143.16,146.55,85589200,143.63
2021-10-19,147.01,149.17,146.55,148.76,76378900,145.8
2021-10-20,148.7,149.75,148.12,149.26,58418800,146.29
2021-10-21,148.81,149.64,147.87,149.48,61421000,146.5
2021-10-22,149.69,150.18,148.64,148.69,58883400,145.73
2021-10-25,148.68,149.37,147.62,148.64,50720600,145.68
2021-10-26,149.33,150.84,149.01,149.32,60893400,146.35
2021-10-27,149.36,149.73,148.49,148.85,56094900,145.89
2021-10-28,149.82,153.17,149.72,152.57,100077900,149.53
2021-10-29,147.22,149.94,146.41,149.8,124953200,146.82
2021-11-01,148.99,149.7,147.8,148.96,74588300,145.99
2021-11-02,148.66,151.57,148.65,150.02,69122000,147.03
2021-11-03,150.39,151.97,149.82,151.49,54511500,148.47
2021-11-04,151.58,152.43,150.64,150.96,60394600,147.95
2021-11-05,151.89,152.2,150.06,151.28,65463900,148.48
2021-11-08,151.41,151.57,150.16,150.44,55020900,147.66
2021-11-09,150.2,151.43,150.06,150.81,56787900,148.02
2021-11-10,150.02,150.13,147.85,147.92,65187100,145.19
2021-11-11,148.96,149.43,147.68,147.87,41000000,145.14
2021-11-12,148.43,150.4,147.48,149.99,63804000,147.22
2021-11-15,150.37,151.88,149.43,150.0,59222800,147.23
2021-11-16,149.94,151.49,149.34,151.0,59256200,148.21
2021-11-17,151.0,155.0,150.99,153.49,88807000,150.65
2021-11-18,153.71,158.67,153.05,157.87,137827700,154.95
2021-11-19,157.65,161.02,156.53,160.55,117305600,157.58
2021-11-22,161.68,165.7,161.0,161.02,117467900,158.04
2021-11-23,161.12,161.8,159.06,161.41,96041900,158.43
2021-11-24,160.75,162.14,159.64,161.94,69463600,158.95
2021-11-26,159.57,160.45,156.36,156.81,76959800,153.91
2021-11-29,159.37,161.19,158.79,160.24,88748200,157.28
2021-11-30,159.99,165.52,159.92,165.3,174048100,162.24
2021-12-01,167.48,170.3,164.53,164.77,152052500,161.72
2021-12-02,158.74,164.2,157.8,163.76,136739200,160.73
2021-12-03,164.02,164.96,159.72,161.84,118023100,158.85
2021-12-06,164.29,167.88,164.28,165.32,107497000,162.26
2021-12-07,169.08,171.58,168.34,171.18,120405400,168.02
2021-12-08,172.13,175.96,170.7,175.08,116998900,171.84
2021-12-09,174.91,176.75,173.92,174.56,108923700,171.33
2021-12-10,175.21,179.63,174.69,179.45,115402700,176.13
2021-12-13,181.12,182.13,175.53,175.74,153237000,172.49
2021-12-14,175.25,177.74,172.21,174.33,139380400,171.11
2021-12-15,175.11,179.5,172.31,179.3,131063300,175.99
2021-12-16,179.28,181.14,170.75,172.26,150185800,169.08
2021-12-17,169.93,173.47,169.69,171.14,195432700,167.98
2021-12-20,168.28,170.58,167.46,169.75,107499100,166.61
2021-12-21,171.56,173.2,169.12,172.99,91185900,169.79
2021-12-22,173.04,175.86,172.15,175.64,92135300,172.39
2021-12-23,175.85,176.85,175.27,176.28,68356600,173.02
2021-12-27,177.09,180.42,177.07,180.33,74919600,177.0
2021-12-28,180.16,181.33,178.53,179.29,79144300,175.98
2021-12-29,179.33,180.63,178.14,179.38,62348900,176.06
2021-12-30,179.47,180.57,178.09,178.2,59773000,174.91
2021-12-31,178.09,179.23,177.26,177.57,64062300,174.29
2022-01-03,177.83,182.88,177.71,182.01,104487900,178.65
2022-01-04,182.63,182.94,179.12,179.7,99310400,176.38
2022-01-05,179.61,180.17,174.64,174.92,94537600,171.69
2022-01-06,172.7,175.3,171.64,172.0,96904000,168.82
2022-01-07,172.89,174.14,171.03,172.17,86709100,168.99
2022-01-10,169.08,172.5,168.17,172.19,106765600,169.01
2022-01-11,172.32,175.18,170.82,175.08,76138300,171.84
2022-01-12,176.12,177.18,174.82,175.53,74805200,172.29
2022-01-13,175.78,176.62,171.79,172.19,84505800,169.01
2022-01-14,171.34,173.78,171.09,173.07,80440800,169.87
2022-01-18,171.51,172.54,169.41,169.8,90956700,166.66
2022-01-19,170.0,171.08,165.94,166.23,94815000,163.16
2022-01-20,166.98,169.68,164.18,164.51,91420500,161.47
2022-01-21,164.42,166.33,162.3,162.41,122848900,159.41
2022-01-24,160.02,162.3,154.7,161.62,162294600,158.63
2022-01-25,158.98,162.76,157.02,159.78,115798400,156.83
2022-01-26,163.5,164.39,157.82,159.69,108275300,156.74
2022-01-27,162.45,163.84,158.28,159.22,121954600,156.28
2022-01-28,165.71,170.35,162.8,170.33,179935700,167.18
2022-01-31,170.16,175.0,169.51,174.78,115541600,171.55
2022-02-01,174.01,174.84,172.31,174.61,86213900,171.38
2022-02-02,174.75,175.88,173.33,175.84,84914300,172.59
2022-02-03,174.48,176.24,172.12,172.9,89418100,169.7
2022-02-04,171.68,174.1,170.68,172.39,82465400,169.42
2022-02-07,172.86,173.95,170.95,171.66,77251200,168.7
2022-02-08,171.73,175.35,171.43,174.83,74829200,171.82
2022-02-09,176.05,176.65,174.9,176.28,71285000,173.24
2022-02-10,174.14,175.48,171.55,172.12,90865900,169.15
2022-02-11,172.33,173.08,168.04,168.64,98670700,165.73
2022-02-14,167.37,169.58,166.56,168.88,86185500,165.97
2022-02-15,170.97,172.95,170.25,172.79,62527400,169.81
2022-02-16,171.85,173.34,170.05,172.55,61177400,169.58
2022-02-17,171.03,171.91,168.47,168.88,69589300,165.97
2022-02-18,169.82,170.54,166.19,167.3,82772700,164.42
2022-02-22,164.98,166.69,162.15,164.32,91162800,161.49
2022-02-23,165.54,166.15,159.75,160.07,90009200,157.31
2022-02-24,152.58,162.85,152.0,162.74,141147500,159.94
2022-02-25,163.84,165.12,160.87,164.85,91974200,162.01
2022-02-28,163.06,165.42,162.43,165.12,95056600,162.27
2022-03-01,164.7,166.6,161.97,163.2,83474400,160.39
2022-03-02,164.39,167.36,162.95,166.56,79724800,163.69
2022-03-03,168.47,168.91,165.55,166.23,76678400,163.37
2022-03-04,164.49,165.55,162.1,163.17,83737200,160.36
2022-03-07,163.36,165.02,159.04,159.3,96418800,156.55
2022-03-08,158.82,162.88,155.8,157.44,131148300,154.73
2022-03-09,161.48,163.41,159.41,162.95,91454900,160.14
2022-03-10,160.2,160.39,155.98,158.52,105342000,155.79
2022-03-11,158.93,159.28,154.5,154.73,96970100,152.06
2022-03-14,151.45,154.12,150.1,150.62,108732100,148.02
2022-03-15,150.9,155.57,150.38,155.09,92964300,152.42
2022-03-16,157.05,160.0,154.46,159.59,102300200,156.84
2022-03-17,158.61,161.0,157.63,160.62,75615400,157.85
2022-03-18,160.51,164.48,159.76,163.98,123511700,161.15
2022-03-21,163.51,166.35,163.01,165.38,95811400,162.53
2022-03-22,165.51,169.42,164.91,168.82,81532000,165.91
2022-03-23,167.99,172.64,167.65,170.21,98062700,167.28
2022-03-24,171.06,174.14,170.21,174.07,90131400,171.07
2022-03-25,173.88,175.28,172.75,174.72,80546200,171.71
2022-03-28,172.17,175.73,172.0,175.6,90371900,172.57
2022-03-29,176.69,179.01,176.34,178.96,100589400,175.88
2022-03-30,178.55,179.61,176.7,177.77,92633200,174.71
2022-03-31,177.84,178.03,174.4,174.61,103049300,171.6
2022-04-01,174.03,174.88,171.94,174.31,78751300,171.31
2022-04-04,174.57,178.49,174.44,178.44,76468400,175.36
2022-04-05,177.5,178.3,174.42,175.06,73401800,172.04
2022-04-06,172.36,173.63,170.13,171.83,89058800,168.87
2022-04-07,171.16,173.36,169.85,172.14,77594700,169.17
2022-04-08,171.78,171.78,169.2,170.09,76575500,167.16
2022-04-11,168.71,169.03,165.5,165.75,72246700,162.89
2022-04-12,168.02,169.87,166.64,167.66,79265200,164.77
2022-04-13,167.39,171.04,166.77,170.4,70618900,167.46
2022-04-14,170.62,171.27,165.04,165.29,75329400,162.44
2022-04-18,163.92,166.6,163.57,165.07,69023900,162.23
2022-04-19,165.02,167.82,163.91,167.4,67723800,164.52
2022-04-20,168.76,168.88,166.1,167.23,67929800,164.35
2022-04-21,168.91,171.53,165.91,166.42,87227800,163.55
2022-04-22,166.46,167.87,161.5,161.79,84882400,159.0
2022-04-25,161.12,163.17,158.46,162.88,96046400,160.07
2022-04-26,162.25,162.34,156.72,156.8,95623200,154.1
2022-04-27,155.91,159.79,155.38,156.57,88063200,153.87
2022-04-28,159.25,164.52,158.93,163.64,130216800,160.82
2022-04-29,161.84,166.2,157.25,157.65,131747600,154.93
2022-05-02,156.71,158.23,153.27,157.96,123055300,155.24
2022-05-03,158.15,160.71,156.32,159.48,88966500,156.73
2022-05-04,159.67,166.48,159.26,166.02,108256500,163.16
2022-05-05,163.85,164.08,154.95,156.77,130525300,154.07
2022-05-06,156.01,159.44,154.18,157.28,116124600,154.8
2022-05-09,154.93,155.83,151.49,152.06,131577900,149.66
2022-05-10,155.52,156.74,152.93,154.51,115366700,152.07
2022-05-11,153.5,155.45,145.81,146.5,142689800,144.19
2022-05-12,142.77,146.2,138.8,142.56,182602000,140.31
2022-05-13,144.59,148.1,143.11,147.11,113990900,144.79
2022-05-16,145.55,147.52,144.18,145.54,86643800,143.24
2022-05-17,148.86,149.77,146.68,149.24,78336300,146.88
2022-05-18,146.85,147.36,139.9,140.82,109742900,138.6
2022-05-19,139.88,141.66,136.6,137.35,136095600,135.18
2022-05-20,139.09,140.7,132.61,137.59,137426100,135.42
2022-05-23,137.79,143.26,137.65,143.11,117726300,140.85
2022-05-24,140.81,141.97,137.33,140.36,104132700,138.14
2022-05-25,138.43,141.79,138.34,140.52,92482700,138.3
2022-05-26,137.39,144.34,137.14,143.78,90601500,141.51
2022-05-27,145.39,149.68,145.26,149.64,90978500,147.28
2022-05-31,149.07,150.66,146.84,148.84,103718400,146.49
2022-06-01,149.9,151.74,147.68,148.71,74286600,146.36
2022-06-02,147.83,151.27,146.86,151.21,72348100,148.82
2022-06-03,146.9,147.97,144.46,145.38,88570300,143.08
2022-06-06,147.03,148.57,144.9,146.14,71598400,143.83
2022-06-07,144.35,149.0,144.1,148.71,67808200,146.36
2022-06-08,148.58,149.87,147.46,147.96,53950200,145.62
2022-06-09,147.08,147.95,142.53,142.64,69473000,140.39
2022-06-10,140.28,140.76,137.06,137.13,91437900,134.96
2022-06-13,132.87,135.2,131.44,131.88,122207100,129.8
2022-06-14,133.13,133.89,131.48,132.76,84784300,130.66
2022-06-15,134.29,137.34,132.16,135.43,91533000,133.29
2022-06-16,132.08,132.39,129.04,130.06,108123900,128.01
2022-06-17,130.07,133.08,129.81,131.56,134520300,129.48
2022-06-21,133.42,137.06,133.32,135.87,81000500,133.72
2022-06-22,134.79,137.76,133.91,135.35,73409200,133.21
2022-06-23,136.82,138.59,135.63,138.27,72433800,136.09
2022-06-24,139.9,141.91,139.77,141.66,89116800,139.42
2022-06-27,142.7,143.49,140.97,141.66,70207900,139.42
2022-06-28,142.13,143.42,137.32,137.44,67083400,135.27
2022-06-29,137.46,140.67,136.67,139.23,66242400,137.03
2022-06-30,137.25,138.37,133.77,136.72,98964500,134.56
2022-07-01,136.04,139.04,135.66,138.93,71051600,136.74
2022-07-05,137.77,141.61,136.93,141.56,73353800,139.32
2022-07-06,141.35,144.12,141.08,142.92,74064300,140.66
2022-07-07,143.29,146.55,143.28,146.35,66253700,144.04
2022-07-08,145.26,147.55,145.0,147.04,64547800,144.72
2022-07-11,145.67,146.64,143.78,144.87,63141600,142.58
2022-07-12,145.76,148.45,145.05,145.86,77588800,143.56
2022-07-13,142.99,146.45,142.12,145.49,71185600,143.19
2022-07-14,144.08,148.95,143.25,148.47,78140700,146.13
2022-07-15,149.78,150.86,148.2,150.17,76259900,147.8
2022-07-18,150.74,151.57,146.7,147.07,81420900,144.75
2022-07-19,147.92,151.23,146.91,151.0,82982400,148.62
2022-07-20,151.12,153.72,150.37,153.04,64823400,150.62
2022-07-21,154.5,155.57,151.94,155.35,65086600,152.9
2022-07-22,155.39,156.28,153.41,154.09,66675400,151.66
2022-07-25,154.01,155.04,152.28,152.95,53623900,150.53
2022-07-26,152.26,153.09,150.8,151.6,55138700,149.21
2022-07-27,152.58,157.33,152.16,156.79,78620700,154.31
2022-07-28,156.98,157.64,154.41,157.35,81378700,154.87
2022-07-29,161.24,163.63,159.5,162.51,101786900,159.94
2022-08-01,161.01,163.59,160.89,161.51,67829400,158.96
2022-08-02,160.1,162.41,159.63,160.01,59907000,157.48
2022-08-03,160.84,166.59,160.75,166.13,82507500,163.51
2022-08-04,166.01,167.19,164.43,165.81,55474100,163.19
2022-08-05,163.21,165.85,163.0,165.35,56697000,162.97
2022-08-08,166.37,167.81,164.2,164.87,60276900,162.49
2022-08-09,164.02,165.82,163.25,164.92,63135500,162.54
2022-08-10,167.68,169.34,166.9,169.24,70170500,166.8
2022-08-11,170.06,170.99,168.19,168.49,57149200,166.06
2022-08-12,169.82,172.17,169.4,172.1,68039400,169.62
2022-08-15,171.52,173.39,171.35,173.19,54091700,170.69
2022-08-16,172.78,173.71,171.66,173.03,56377100,170.53
2022-08-17,172.77,176.15,172.57,174.55,79542000,172.03
2022-08-18,173.75,174.9,173.12,174.15,62290100,171.64
2022-08-19,173.03,173.74,171.31,171.52,70346300,169.05
2022-08-22,169.69,169.86,167.14,167.57,69026800,165.15
2022-08-23,167.08,168.71,166.65,167.23,54147100,164.82
2022-08-24,167.32,168.11,166.25,167.53,53841500,165.11
2022-08-25,168.78,170.14,168.35,170.03,51218200,167.58
2022-08-26,170.57,171.05,163.56,163.62,78961000,161.26
2022-08-29,161.15,162.9,159.82,161.38,73314000,159.05
2022-08-30,162.13,162.56,157.72,158.91,77906200,156.62
2022-08-31,160.31,160.58,157.14,157.22,87991100,154.95
2022-09-01,156.64,158.42,154.67,157.96,74229900,155.68
2022-09-02,159.75,160.36,154.97,155.81,76957800,153.56
2022-09-06,156.47,157.09,153.69,154.53,73714800,152.3
2022-09-07,154.82,156.67,153.61,155.96,87449600,153.71
2022-09-08,154.64,156.36,152.68,154.46,84923800,152.23
2022-09-09,155.47,157.82,154.75,157.37,68028800,155.1
2022-09-12,159.59,164.26,159.3,163.43,104956000,161.07
2022-09-13,159.9,160.54,153.37,153.84,122656600,151.62
2022-09-14,154.79,157.1,153.61,155.31,87965400,153.07
2022-09-15,154.65,155.24,151.38,152.37,90481100,150.17
2022-09-16,151.21,151.35,148.37,150.7,162278800,148.53
2022-09-19,149.31,154.56,149.1,154.48,81474200,152.25
2022-09-20,153.4,158.08,153.08,156.9,107689800,154.64
2022-09-21,157.34,158.74,153.6,153.72,101696800,151.5
2022-09-22,152.38,154.47,150.91,152.74,86652500,150.54
2022-09-23,151.19,151.47,148.56,150.43,96029900,148.26
2022-09-26,149.66,153.77,149.64,150.77,93339400,148.6
2022-09-27,152.74,154.72,149.95,151.76,84442700,149.57
2022-09-28,147.64,150.64,144.84,149.84,146691400,147.68
2022-09-29,146.1,146.72,140.68,142.48,128138200,140.43
2022-09-30,141.28,143.1,138.0,138.2,124925300,136.21
2022-10-03,138.21,143.07,137.69,142.45,114311700,140.4
2022-10-04,145.03,146.22,144.26,146.1,87830100,143.99
2022-10-05,144.07,147.38,143.01,146.4,79471000,144.29
2022-10-06,145.81,147.54,145.22,145.43,68402200,143.33
2022-10-07,142.54,143.1,139.45,140.09,85925600,138.07
2022-10-10,140.42,141.89,138.57,140.42,74899000,138.39
2022-10-11,139.9,141.35,138.22,138.98,77033700,136.98
2022-10-12,139.13,140.36,138.16,138.34,70433700,136.34
2022-10-13,134.99,143.59,134.37,142.99,113224000,140.93
2022-10-14,144.31,144.52,138.19,138.38,88598000,136.38
2022-10-17,141.07,142.9,140.27,142.41,85250900,140.36
2022-10-18,145.49,146.7,140.61,143.75,99136600,141.68
2022-10-19,141.69,144.95,141.5,143.86,61758300,141.79
2022-10-20,143.02,145.89,142.65,143.39,64522000,141.32
2022-10-21,142.87,147.85,142.65,147.27,86548600,145.15
2022-10-24,147.19,150.23,146.0,149.45,75981900,147.29
2022-10-25,150.09,152.49,149.36,152.34,74732300,150.14
2022-10-26,150.96,151.99,148.04,149.35,88194300,147.2
2022-10-27,148.07,149.05,144.13,144.8,109180200,142.71
2022-10-28,148.2,157.5,147.82,155.74,164762400,153.49
2022-10-31,153.16,154.24,151.92,153.34,97943200,151.13
2022-11-01,155.08,155.45,149.13,150.65,80379300,148.48
2022-11-02,148.95,152.17,145.0,145.03,93604600,142.94
2022-11-03,142.06,142.8,138.75,138.88,97918500,136.88
2022-11-04,142.09,142.67,134.38,138.38,140814800,136.61
2022-11-07,137.11,139.15,135.67,138.92,83374600,137.14
2022-11-08,140.41,141.43,137.49,139.5,89908500,137.72
2022-11-09,138.5,138.55,134.59,134.87,74917800,133.15
2022-11-10,141.24,146.87,139.5,146.87,118854000,144.99
2022-11-11,145.82,150.01,144.37,149.7,93979700,147.79
2022-11-14,148.97,150.28,147.43,148.28,73374100,146.38
2022-11-15,152.22,153.59,148.56,150.04,89868300,148.12
2022-11-16,149.13,149.87,147.29,148.79,64218300,146.89
2022-11-17,146.43,151.48,146.15,150.72,80389400,148.79
2022-11-18,152.31,152.7,149.97,151.29,74829600,149.36
2022-11-21,150.16,150.37,147.72,148.01,58724100,146.12
2022-11-22,148.13,150.42,146.93,150.18,51804100,148.26
2022-11-23,149.45,151.83,149.34,151.07,58301400,149.14
2022-11-25,148.31,148.88,147.12,148.11,35195900,146.22
2022-11-28,145.14,146.64,143.38,144.22,69246000,142.38
2022-11-29,144.29,144.81,140.35,141.17,83763800,139.36
2022-11-30,141.4,148.72,140.55,148.03,111380900,146.14
2022-12-01,148.21,149.13,146.61,148.31,71250400,146.41
2022-12-02,145.96,148.0,145.65,147.81,65447400,145.92
2022-12-05,147.77,150.92,145.77,146.63,68826400,144.75
2022-12-06,147.07,147.3,141.92,142.91,64727200,141.08
2022-12-07,142.19,143.37,140.0,140.94,69721100,139.14
2022-12-08,142.36,143.52,141.1,142.65,62128300,140.83
2022-12-09,142.34,145.57,140.9,142.16,76097000,140.34
2022-12-12,142.7,144.5,141.06,144.49,70462700,142.64
2022-12-13,149.5,149.97,144.24,145.47,93886200,143.61
2022-12-14,145.35,146.66,141.16,143.21,82291200,141.38
2022-12-15,141.11,141.8,136.03,136.5,98931900,134.75
2022-12-16,136.69,137.65,133.73,134.51,160156900,132.79
2022-12-19,135.11,135.2,131.32,132.37,79592600,130.68
2022-12-20,131.39,133.25,129.89,132.3,77432800,130.61
2022-12-21,132.98,136.81,132.75,135.45,85928000,133.72
2022-12-22,134.35,134.56,130.3,132.23,77852100,130.54
2022-12-23,130.92,132.42,129.64,131.86,63814900,130.17
2022-12-27,131.38,131.41,128.72,130.03,69007800,128.37
2022-12-28,129.67,131.03,125.87,126.04,85438400,124.43
2022-12-29,127.99,130.48,127.73,129.61,75703700,127.95
2022-12-30,128.41,129.95,127.43,129.93,77034200,128.27
2023-01-03,130.28,130.9,124.17,125.07,112117500,123.47
2023-01-04,126.89,128.66,125.08,126.36,89113600,124.74
2023-01-05,127.13,127.77,124.76,125.02,80962700,123.42
2023-01-06,126.01,130.29,124.89,129.62,87754700,127.96
2023-01-09,130.47,133.41,129.89,130.15,70790800,128.49
2023-01-10,130.26,131.26,128.12,130.73,63896200,129.06
2023-01-11,131.25,133.51,130.46,133.49,69458900,131.78
2023-01-12,133.88,134.26,131.44,133.41,71379600,131.7
2023-01-13,132.03,134.92,131.66,134.76,57809700,133.04
2023-01-17,134.83,137.29,134.13,135.94,63646600,134.2
2023-01-18,136.82,138.61,135.03,135.21,69672800,133.48
2023-01-19,134.08,136.25,133.77,135.27,58280400,133.54
2023-01-20,135.28,138.02,134.22,137.87,80223600,136.11
2023-01-23,138.12,143.32,137.9,141.11,81760300,139.31
2023-01-24,140.31,143.16,140.3,142.53,66435100,140.71
2023-01-25,140.89,142.43,138.81,141.86,65799300,140.05
2023-01-26,143.17,144.25,141.9,143.96,54105100,142.12
2023-01-27,143.16,147.23,143.08,145.93,70555800,144.06
2023-01-30,144.96,145.55,142.85,143.0,64015300,141.17
2023-01-31,142.7,144.34,142.28,144.29,65874500,142.44
2023-02-01,143.97,146.61,141.32,145.43,77663600,143.57
2023-02-02,148.9,151.18,148.17,150.82,118339000,148.89
2023-02-03,148.03,157.38,147.83,154.5,154357300,152.52
2023-02-06,152.57,153.1,150.78,151.73,69858300,149.79
2023-02-07,150.64,155.23,150.64,154.65,83322600,152.67
2023-02-08,153.88,154.58,151.17,151.92,64120100,149.98
2023-02-09,153.78,154.33,150.42,150.87,56007100,148.94
2023-02-10,149.46,151.34,149.22,151.01,57450700,149.31
2023-02-13,150.95,154.26,150.92,153.85,62199000,152.11
2023-02-14,152.12,153.77,150.86,153.2,61707600,151.47
2023-02-15,153.11,155.5,152.88,155.33,65573800,153.58
2023-02-16,153.51,156.33,153.35,153.71,68167900,151.98
2023-02-17,152.35,153.0,150.85,152.55,59144100,150.83
2023-02-21,150.2,151.3,148.41,148.48,58867200,146.81
2023-02-22,148.87,149.95,147.16,148.91,51011300,147.23
2023-02-23,150.09,150.34,147.24,149.4,48394200,147.71
2023-02-24,147.11,147.19,145.72,146.71,55469600,145.06
2023-02-27,147.71,149.17,147.45,147.92,44998500,146.25
2023-02-28,147.05,149.08,146.83,147.41,50547000,145.75
2023-03-01,146.83,147.23,145.01,145.31,55479000,143.67
2023-03-02,144.38,146.71,143.9,145.91,52238100,144.26
2023-03-03,148.04,151.11,147.33,151.03,70732300,149.33
2023-03-06,153.79,156.3,153.46,153.83,87558000,152.09
2023-03-07,153.7,154.03,151.13,151.6,56182000,149.89
2023-03-08,152.81,153.47,151.83,152.87,47204800,151.15
2023-03-09,153.56,154.54,150.23,150.59,53833600,148.89
2023-03-10,150.21,150.94,147.61,148.5,68572400,146.82
2023-03-13,147.81,153.14,147.7,150.47,84457100,148.77
2023-03-14,151.28,153.4,150.1,152.59,73695900,150.87
2023-03-15,151.19,153.25,149.92,152.99,77167900,151.26
2023-03-16,152.16,156.46,151.64,155.85,76161100,154.09
2023-03-17,156.08,156.74,154.28,155.0,98944600,153.25
2023-03-20,155.07,157.82,154.15,157.4,73641400,155.62
2023-03-21,157.32,159.4,156.54,159.28,73938300,157.48
2023-03-22,159.3,162.14,157.81,157.83,75701800,156.05
2023-03-23,158.83,161.55,157.68,158.93,67622100,157.14
2023-03-24,158.86,160.34,157.85,160.25,59196500,158.44
2023-03-27,159.94,160.77,157.87,158.28,52390300,156.49
2023-03-28,157.97,158.49,155.98,157.65,45992200,155.87
2023-03-29,159.37,161.05,159.35,160.77,51305700,158.96
2023-03-30,161.53,162.47,161.27,162.36,49501700,160.53
2023-03-31,162.44,165.0,161.91,164.9,68749800,163.04
2023-04-03,164.27,166.29,164.22,166.17,56976200,164.3
2023-04-04,166.6,166.84,165.11,165.63,46278300,163.76
2023-04-05,164.74,165.05,161.8,163.76,51511700,161.91
2023-04-06,162.43,164.96,162.0,164.66,45390100,162.8
2023-04-10,161.42,162.03,160.08,162.03,47716900,160.2
2023-04-11,162.35,162.36,160.51,160.8,47644200,158.99
2023-04-12,161.22,162.06,159.78,160.1,50133100,158.29
2023-04-13,161.63,165.8,161.42,165.56,68445600,163.69
2023-04-14,164.59,166.32,163.82,165.21,49386500,163.35
2023-04-17,165.09,165.39,164.03,165.23,41516200,163.37
2023-04-18,166.1,167.41,165.65,166.47,49923000,164.59
2023-04-19,165.8,168.16,165.54,167.63,47720200,165.74
2023-04-20,166.09,167.87,165.56,166.65,52456400,164.77
2023-04-21,165.05,166.45,164.49,165.02,58337300,163.16
2023-04-24,165.0,165.6,163.89,165.33,41949600,163.46
2023-04-25,165.19,166.31,163.73,163.77,48714100,161.92
2023-04-26,163.06,165.28,162.8,163.76,45498800,161.91
2023-04-27,165.19,168.56,165.19,168.41,64902300,166.51
2023-04-28,168.49,169.85,167.88,169.68,55209200,167.77
2023-05-01,169.28,170.45,168.64,169.59,52472900,167.68
2023-05-02,170.09,170.35,167.54,168.54,48425700,166.64
2023-05-03,169.5,170.92,167.16,167.45,65136000,165.56
2023-05-04,164.89,167.04,164.31,165.79,81235400,163.92
2023-05-05,170.98,174.3,170.76,173.57,113316400,171.61
2023-05-08,172.48,173.85,172.11,173.5,55962800,171.54
2023-05-09,173.05,173.54,171.6,171.77,45326900,169.83
2023-05-10,173.02,174.03,171.9,173.56,53724500,171.6
2023-05-11,173.85,174.59,172.17,173.75,49514700,171.79
2023-05-12,173.62,174.06,171.0,172.57,45497800,170.86
2023-05-15,173.16,173.21,171.47,172.07,37266700,170.36
2023-05-16,171.99,173.14,171.8,172.07,42110300,170.36
2023-05-17,171.71,172.93,170.42,172.69,57951600,170.98
2023-05-18,173.0,175.24,172.58,175.05,65496700,173.31
2023-05-19,176.39,176.39,174.94,175.16,55772400,173.42
2023-05-22,173.98,174.71,173.45,174.2,43570900,172.47
2023-05-23,173.13,173.38,171.28,171.56,50747300,169.86
2023-05-24,171.09,172.42,170.52,171.84,45143500,170.14
2023-05-25,172.41,173.9,171.69,172.99,56058300,171.28
2023-05-26,173.32,175.77,173.11,175.43,54835000,173.69
2023-05-30,176.96,178.99,176.57,177.3,55964400,175.54
2023-05-31,177.33,179.35,176.76,177.25,99625300,175.49
2023-06-01,177.7,180.12,176.93,180.09,68901800,178.3
2023-06-02,181.03,181.78,179.26,180.95,61945900,179.16
2023-06-05,182.63,184.95,178.04,179.58,121946500,177.8
2023-06-06,179.97,180.12,177.43,179.21,64848400,177.43
2023-06-07,178.44,181.21,177.32,177.82,61944600,176.06
2023-06-08,177.9,180.84,177.46,180.57,50214900,178.78
2023-06-09,181.5,182.23,180.63,180.96,48870700,179.17
2023-06-12,181.27,183.89,180.97,183.79,54274900,181.97
2023-06-13,182.8,184.15,182.44,183.31,54929100,181.49
2023-06-14,183.37,184.39,182.02,183.95,57462900,182.13
2023-06-15,183.96,186.52,183.78,186.01,65433200,184.17
2023-06-16,186.73,186.99,184.27,184.92,101235600,183.09
2023-06-20,184.41,186.1,184.41,185.01,49799100,183.18
2023-06-21,184.9,185.41,182.59,183.96,49515700,182.14
2023-06-22,183.74,187.05,183.67,187.0,51245300,185.15
2023-06-23,185.55,187.56,185.01,186.68,53079300,184.83
2023-06-26,186.83,188.05,185.23,185.27,48088700,183.43
2023-06-27,185.89,188.39,185.67,188.06,50730800,186.2
2023-06-28,187.93,189.9,187.6,189.25,51216800,187.37
2023-06-29,189.08,190.07,188.94,189.59,46347300,187.71
2023-06-30,191.63,194.48,191.26,193.97,85069600,192.05
2023-07-03,193.78,193.88,191.76,192.46,31458200,190.55
2023-07-05,191.57,192.98,190.62,191.33,46920300,189.43
2023-07-06,189.84,192.02,189.2,191.81,45094300,189.91
2023-07-07,191.41,192.67,190.24,190.68,46778000,188.79
2023-07-10,189.26,189.99,187.04,188.61,59922200,186.74
2023-07-11,189.16,189.3,186.6,188.08,46638100,186.22
2023-07-12,189.68,191.7,188.47,189.77,60750200,187.89
2023-07-13,190.5,191.19,189.78,190.54,41342300,188.65
2023-07-14,190.23,191.18,189.63,190.69,41573900,188.8
2023-07-17,191.9,194.32,191.81,193.99,50520200,192.07
2023-07-18,193.35,194.33,192.42,193.73,48353800,191.81
2023-07-19,193.1,198.23,192.65,195.1,80507300,193.17
2023-07-20,195.09,196.47,192.5,193.13,59581200,191.22
2023-07-21,194.1,194.97,191.23,191.94,71917800,190.04
2023-07-24,193.41,194.91,192.25,192.75,45377800,190.84
2023-07-25,193.33,194.44,192.92,193.62,37283200,191.7
2023-07-26,193.67,195.64,193.32,194.5,47471900,192.57
2023-07-27,196.02,197.2,192.55,193.22,47460200,191.3
2023-07-28,194.67,196.63,194.14,195.83,48291400,193.89
2023-07-31,196.06,196.49,195.26,196.45,38824100,194.5
2023-08-01,196.24,196.73,195.28,195.61,35175100,193.67
2023-08-02,195.04,195.18,191.85,192.58,50389300,190.67
2023-08-03,191.57,192.37,190.69,191.17,61235200,189.27
2023-08-04,185.52,187.38,181.92,181.99,115799700,180.19
2023-08-07,182.13,183.13,177.35,178.85,97576100,177.08
2023-08-08,179.69,180.27,177.58,179.8,67823000,178.02
2023-08-09,180.87,180.93,177.01,178.19,60378500,176.42
2023-08-10,179.48,180.75,177.6,177.97,54686900,176.21
2023-08-11,177.32,178.62,176.55,177.79,51988100,176.27
2023-08-14,177.97,179.69,177.31,179.46,43675600,177.92
2023-08-15,178.88,179.48,177.05,177.45,43622600,175.93
2023-08-16,177.13,178.54,176.5,176.57,46964900,175.06
2023-08-17,177.14,177.51,173.48,174.0,66062900,172.51
2023-08-18,172.3,175.1,171.96,174.49,61114200,172.99
2023-08-21,175.07,176.13,173.74,175.84,46311900,174.33
2023-08-22,177.06,177.68,176.25,177.23,42084200,175.71
2023-08-23,178.52,181.55,178.33,181.12,52722800,179.57
2023-08-24,180.67,181.1,176.01,176.38,54945800,174.87
2023-08-25,177.38,179.15,175.82,178.61,51449600,177.08
2023-08-28,180.09,180.59,178.55,180.19,43820700,178.64
2023-08-29,179.7,184.9,179.5,184.12,53003900,182.54
2023-08-30,184.94,187.85,184.74,187.65,60813900,186.04
2023-08-31,187.84,189.12,187.48,187.87,60794500,186.26
2023-09-01,189.49,189.92,188.28,189.46,45732600,187.84
2023-09-05,188.28,189.98,187.61,189.7,45280000,188.07
2023-09-06,188.4,188.85,181.47,182.91,81755800,181.34
2023-09-07,175.18,178.21,173.54,177.56,112488800,176.04
2023-09-08,178.35,180.24,177.79,178.18,65551300,176.65
2023-09-11,180.07,180.3,177.34,179.36,58953100,177.82
2023-09-12,179.49,180.13,174.82,176.3,90370200,174.79
2023-09-13,176.51,177.3,173.98,174.21,84267900,172.72
2023-09-14,174.0,176.1,173.58,175.74,60895800,174.23
2023-09-15,176.48,176.5,173.82,175.01,109205100,173.51
2023-09-18,176.48,179.38,176.17,177.97,67257600,176.44
2023-09-19,177.52,179.63,177.13,179.07,51826900,177.53
2023-09-20,179.26,179.7,175.4,175.49,58436200,173.99
2023-09-21,174.55,176.3,173.86,173.93,63047900,172.44
2023-09-22,174.67,177.08,174.05,174.79,56725400,173.29
2023-09-25,174.2,176.97,174.15,176.08,46172700,174.57
2023-09-26,174.82,175.2,171.66,171.96,64588900,170.49
2023-09-27,172.62,173.04,169.05,170.43,66921800,168.97
2023-09-28,169.34,172.03,167.62,170.69,56294400,169.23
2023-09-29,172.02,173.07,170.34,171.21,51814200,169.74
2023-10-02,171.22,174.3,170.93,173.75,52164500,172.26
2023-10-03,172.26,173.63,170.82,172.4,49594600,170.92
2023-10-04,171.09,174.21,170.97,173.66,53020300,172.17
2023-10-05,173.79,175.45,172.68,174.91,48527900,173.41
2023-10-06,173.8,177.99,173.18,177.49,57224100,175.97
2023-10-09,176.81,179.05,175.8,178.99,42390800,177.45
2023-10-10,178.1,179.72,177.95,178.39,43698000,176.86
2023-10-11,178.2,179.85,177.6,179.8,47551100,178.26
2023-10-12,180.07,182.34,179.04,180.71,56743100,179.16
2023-10-13,181.42,181.93,178.14,178.85,51427100,177.32
2023-10-16,176.75,179.08,176.51,178.72,52517000,177.19
2023-10-17,176.65,178.42,174.8,177.15,57549400,175.63
2023-10-18,175.58,177.58,175.11,175.84,54764400,174.33
2023-10-19,176.04,177.84,175.19,175.46,59302900,173.96
2023-10-20,175.31,175.42,172.64,172.88,64189300,171.4
2023-10-23,170.91,174.01,169.93,173.0,55980100,171.52
2023-10-24,173.05,173.67,171.45,173.44,43816600,171.95
2023-10-25,171.88,173.06,170.65,171.1,57157000,169.63
2023-10-26,170.37,171.38,165.67,166.89,70625300,165.46
2023-10-27,166.91,168.96,166.83,168.22,58499100,166.78
2023-10-30,169.02,171.17,168.87,170.29,51131000,168.83
2023-10-31,169.35,170.9,167.9,170.77,44846000,169.31
2023-11-01,171.0,174.23,170.12,173.97,56934900,172.48
2023-11-02,175.52,177.78,175.46,177.57,77334800,176.05
2023-11-03,174.24,176.82,173.35,176.65,79763700,175.14
2023-11-06,176.38,179.43,176.21,179.23,63841300,177.69
2023-11-07,179.18,182.44,178.97,181.82,70530000,180.26
2023-11-08,182.35,183.45,181.59,182.89,49340300,181.32
2023-11-09,182.96,184.12,181.81,182.41,53763500,180.85
2023-11-10,183.97,186.57,183.53,186.4,66133400,185.04
2023-11-13,185.82,186.03,184.21,184.8,43627500,183.46
2023-11-14,187.7,188.11,186.3,187.44,60108400,186.08
2023-11-15,187.85,189.5,187.78,188.01,53790500,186.64
2023-11-16,189.57,190.96,188.65,189.71,54412900,188.33
2023-11-17,190.25,190.38,188.57,189.69,50922700,188.31
2023-11-20,189.89,191.91,189.88,191.45,46505100,190.06
2023-11-21,191.41,191.52,189.74,190.64,38134500,189.25
2023-11-22,191.49,192.93,190.83,191.31,39617700,189.92
2023-11-24,190.87,190.9,189.25,189.97,24048300,188.59
2023-11-27,189.92,190.67,188.9,189.79,40552600,188.41
2023-11-28,189.78,191.08,189.4,190.4,38415400,189.02
2023-11-29,190.9,192.09,188.97,189.37,43014200,187.99
2023-11-30,189.84,190.32,188.19,189.95,48794400,188.57
2023-12-01,190.33,191.56,189.23,191.24,45679300,189.85
2023-12-04,189.98,190.05,187.45,189.43,43389500,188.05
2023-12-05,190.21,194.4,190.18,193.42,66628400,192.01
2023-12-06,194.45,194.76,192.11,192.32,41089700,190.92
2023-12-07,193.63,195.0,193.59,194.27,47477700,192.86
2023-12-08,194.2,195.99,193.67,195.71,53377300,194.29
2023-12-11,193.11,193.49,191.42,193.18,60943700,191.78
2023-12-12,193.08,194.72,191.72,194.71,52696900,193.29
2023-12-13,195.09,198.0,194.85,197.96,70404200,196.52
2023-12-14,198.02,199.62,196.16,198.11,66831600,196.67
2023-12-15,197.53,198.4,197.0,197.57,128256700,196.13
2023-12-18,196.09,196.63,194.39,195.89,55751900,194.47
2023-12-19,196.16,196.95,195.89,196.94,40714100,195.51
2023-12-20,196.9,197.68,194.83,194.83,52242800,193.41
2023-12-21,196.1,197.08,193.5,194.68,46482500,193.26
2023-12-22,195.18,195.41,192.97,193.6,37122800,192.19
2023-12-26,193.61,193.89,192.83,193.05,28919300,191.65
2023-12-27,192.49,193.5,191.09,193.15,48087700,191.75
2023-12-28,194.14,194.66,193.17,193.58,34049900,192.17
2023-12-29,193.9,194.4,191.73,192.53,42628800,191.13
2024-01-02,187.15,188.44,183.89,185.64,82488700,184.29
2024-01-03,184.22,185.88,183.43,184.25,58414500,182.91
2024-01-04,182.15,183.09,180.88,181.91,71983600,180.59
2024-01-05,181.99,182.76,180.17,181.18,62303300,179.86
2024-01-08,182.09,185.6,181.5,185.56,59144500,184.21
2024-01-09,183.92,185.15,182.73,185.14,42841800,183.79
2024-01-10,184.35,186.4,183.92,186.19,46792900,184.84
2024-01-11,186.54,187.05,183.62,185.59,49128400,184.24
2024-01-12,186.06,186.74,185.19,185.92,40444700,184.57
2024-01-16,182.16,184.26,180.93,183.63,65603000,182.3
2024-01-17,181.27,182.93,180.3,182.68,47317400,181.35
2024-01-18,186.09,189.14,185.83,188.63,78005800,187.26
2024-01-19,189.33,191.95,188.82,191.56,68741000,190.17
2024-01-22,192.3,195.33,192.26,193.89,60133900,192.48
2024-01-23,195.02,195.75,193.83,195.18,42355600,193.76
2024-01-24,195.42,196.38,194.34,194.5,53631300,193.09
2024-01-25,195.22,196.27,193.11,194.17,54822100,192.76
2024-01-26,194.27,194.76,191.94,192.42,44594000,191.02
2024-01-29,192.01,192.2,189.58,191.73,47145600,190.34
2024-01-30,190.94,191.8,187.47,188.04,55859400,186.67
2024-01-31,187.04,187.1,184.35,184.4,55467800,183.06
2024-02-01,183.99,186.95,183.82,186.86,64885400,185.5
2024-02-02,179.86,187.33,179.25,185.85,102518000,184.5
2024-02-05,188.15,189.25,185.84,187.68,69668800,186.32
2024-02-06,186.86,189.31,186.77,189.3,43490800,187.92
2024-02-07,190.64,191.05,188.61,189.41,53439000,188.03
2024-02-08,189.39,189.54,187.35,188.32,40962000,186.95
2024-02-09,188.65,189.99,188.0,188.85,45155200,187.72
2024-02-12,188.42,188.67,186.79,187.15,41781900,186.03
2024-02-13,185.77,186.21,183.51,185.04,56529500,183.93
2024-02-14,185.32,185.53,182.44,184.15,54630500,183.04
2024-02-15,183.55,184.49,181.35,183.86,65434500,182.76
2024-02-16,183.42,184.85,181.67,182.31,49701400,181.22
2024-02-20,181.79,182.43,180.0,181.56,53665600,180.47
2024-02-21,181.94,182.89,180.66,182.32,41529700,181.23
2024-02-22,183.48,184.96,182.46,184.37,52292200,183.26
2024-02-23,185.01,185.04,182.23,182.52,45119700,181.42
2024-02-26,182.24,182.76,180.65,181.16,40867400,180.07
2024-02-27,181.1,183.92,179.56,182.63,54318900,181.53
2024-02-28,182.51,183.12,180.13,181.42,48953900,180.33
2024-02-29,181.27,182.57,179.53,180.75,136682600,179.66
2024-03-01,179.55,180.53,177.38,179.66,73488000,178.58
2024-03-04,176.15,176.9,173.79,175.1,81510100,174.05
2024-03-05,170.76,172.04,169.62,170.12,95132400,169.1
2024-03-06,171.06,171.24,168.68,169.12,68587700,168.1
2024-03-07,169.15,170.73,168.49,169.0,71765100,167.99
2024-03-08,169.0,173.7,168.94,170.73,76114600,169.71
2024-03-11,172.94,174.38,172.05,172.75,60139500,171.71
2024-03-12,173.15,174.03,171.01,173.23,59825400,172.19
2024-03-13,172.77,173.19,170.76,171.13,52488700,170.1
2024-03-14,172.91,174.31,172.05,173.0,72913500,171.96
2024-03-15,171.17,172.62,170.29,172.62,121664700,171.58
2024-03-18,175.57,177.71,173.52,173.72,75604200,172.68
2024-03-19,174.34,176.61,173.03,176.08,55215200,175.02
2024-03-20,175.72,178.67,175.09,178.67,53423100,177.6
2024-03-21,177.05,177.49,170.84,171.37,106181300,170.34
2024-03-22,171.76,173.05,170.06,172.28,71106600,171.25
2024-03-25,170.57,171.94,169.45,170.85,54288300,169.82
2024-03-26,170.0,171.42,169.58,169.71,57388400,168.69
2024-03-27,170.41,173.6,170.11,173.31,60273300,172.27
2024-03-28,171.75,172.23,170.51,171.48,65672700,170.45
2024-04-01,171.19,171.25,169.48,170.03,46240500,169.01
2024-04-02,169.08,169.34,168.23,168.84,49329500,167.83
2024-04-03,168.79,170.68,168.58,169.65,47691700,168.63
2024-04-04,170.29,171.92,168.82,168.82,53704400,167.81
2024-04-05,169.59,170.39,168.95,169.58,42055200,168.56
2024-04-08,169.03,169.2,168.24,168.45,37425500,167.44
2024-04-09,168.7,170.08,168.35,169.67,42451200,168.65
2024-04-10,168.8,169.09,167.11,167.78,49709300,166.77
2024-04-11,168.34,175.46,168.16,175.04,91070300,173.99
2024-04-12,174.26,178.36,174.21,176.55,101593300,175.49
2024-04-15,175.36,176.63,172.5,172.69,73531800,171.65
2024-04-16,171.75,173.76,168.27,169.38,73711200,168.36
2024-04-17,169.61,170.65,168.0,168.0,50901200,166.99
2024-04-18,168.03,168.64,166.55,167.04,43122900,166.04
2024-04-19,166.21,166.4,164.08,165.0,67772100,164.01
2024-04-22,165.52,167.26,164.77,165.84,48116400,164.84
2024-04-23,165.35,167.05,164.92,166.9,49537800,165.9
2024-04-24,166.54,169.3,166.21,169.02,48251800,168.01
2024-04-25,169.53,170.61,168.15,169.89,50558300,168.87
2024-04-26,169.88,171.34,169.18,169.3,44838400,168.28
2024-04-29,173.37,176.03,173.1,173.5,68169400,172.46
2024-04-30,173.33,174.99,170.0,170.33,65934800,169.31
2024-05-01,169.58,172.71,169.11,169.3,50383100,168.28
2024-05-02,172.51,173.42,170.89,173.03,94214900,171.99
2024-05-03,186.65,187.0,182.66,183.38,163224100,182.28
2024-05-06,182.35,184.2,180.42,181.71,78569700,180.62
2024-05-07,183.45,184.9,181.32,182.4,77305800,181.31
2024-05-08,182.85,183.07,181.45,182.74,45057100,181.64
2024-05-09,182.56,184.66,182.11,184.57,48983000,183.46
2024-05-10,184.9,185.09,182.13,183.05,50759500,182.2
2024-05-13,185.44,187.1,184.62,186.28,72044800,185.41
2024-05-14,187.51,188.3,186.29,187.43,52393600,186.56
2024-05-15,187.91,190.65,187.37,189.72,70400000,188.84
2024-05-16,190.47,191.1,189.66,189.84,52845200,188.96
2024-05-17,189.51,190.81,189.18,189.87,41282900,188.99
2024-05-20,189.33,191.92,189.01,191.04,44361300,190.15
2024-05-21,191.09,192.73,190.92,192.35,42309400,191.45
2024-05-22,192.27,192.82,190.27,190.9,34648500,190.01
2024-05-23,190.98,191.0,186.63,186.88,51005900,186.01
2024-05-24,188.82,190.58,188.04,189.98,36294600,189.1
2024-05-28,191.51,193.0,189.1,189.99,52280100,189.11
2024-05-29,189.61,192.25,189.51,190.29,53068000,189.4
2024-05-30,190.76,192.18,190.63,191.29,49947900,190.4
2024-05-31,191.44,192.57,189.91,192.25,75158300,191.36
2024-06-03,192.9,194.99,192.52,194.03,50080500,193.13
2024-06-04,194.64,195.32,193.03,194.35,47471400,193.45
2024-06-05,195.4,196.9,194.87,195.87,54156800,194.96
2024-06-06,195.69,196.5,194.17,194.48,41181800,193.57
2024-06-07,194.65,196.94,194.14,196.89,53103900,195.97
2024-06-10,196.9,197.3,192.15,193.12,97262100,192.22
2024-06-11,193.65,207.16,193.63,207.15,172373300,206.19
2024-06-12,207.37,220.2,206.9,213.07,198134300,212.08
2024-06-13,214.74,216.75,211.6,214.24,97862700,213.24
2024-06-14,213.85,215.17,211.3,212.49,70122700,211.5
2024-06-17,213.37,218.95,212.72,216.67,93728300,215.66
2024-06-18,217.59,218.63,213.0,214.29,79943300,213.29
2024-06-20,213.93,214.24,208.85,209.68,86172500,208.7
2024-06-21,210.39,211.89,207.11,207.49,246421400,206.52
2024-06-24,207.72,212.7,206.59,208.14,80727000,207.17
2024-06-25,209.15,211.38,208.61,209.07,56713900,208.1
2024-06-26,211.5,214.86,210.64,213.25,66213200,212.26
2024-06-27,214.69,215.74,212.35,214.1,49772700,213.1
2024-06-28,215.77,216.07,210.3,210.62,82542700,209.64
2024-07-01,212.09,217.51,211.92,216.75,60402900,215.74
2024-07-02,216.15,220.38,215.1,220.27,58046200,219.24
2024-07-03,220.0,221.55,219.03,221.55,37369800,220.52
2024-07-05,221.65,226.45,221.65,226.34,60412400,225.29
2024-07-08,227.09,227.85,223.25,227.82,59085900,226.76
2024-07-09,227.93,229.4,226.37,228.68,48076100,227.62
2024-07-10,229.3,233.08,229.25,232.98,62627700,231.9
2024-07-11,231.39,232.39,225.77,227.57,64710600,226.51
2024-07-12,228.92,232.64,228.68,230.54,53046500,229.47
2024-07-15,236.48,237.23,233.09,234.4,62631300,233.31
2024-07-16,235.0,236.27,232.33,234.82,43234300,233.73
2024-07-17,229.45,231.46,226.64,228.88,57345900,227.81
2024-07-18,230.28,230.44,222.27,224.18,66034600,223.14
2024-07-19,224.82,226.8,223.28,224.31,49151500,223.27
2024-07-22,227.01,227.78,223.09,223.96,48201800,222.92
2024-07-23,224.37,226.94,222.68,225.01,39960300,223.96
2024-07-24,224.0,224.8,217.13,218.54,61777600,217.52
2024-07-25,218.93,220.85,214.62,217.49,51391200,216.48
2024-07-26,218.7,219.49,216.01,217.96,41601300,216.95
2024-07-29,216.96,219.3,215.75,218.24,36311800,217.22
2024-07-30,219.19,220.33,216.12,218.8,41643800,217.78
2024-07-31,221.44,223.82,220.63,222.08,50036300,221.05
2024-08-01,224.37,224.48,217.02,218.36,62501000,217.34
2024-08-02,219.15,225.6,217.71,219.86,105568600,218.84
2024-08-05,199.09,213.5,196.0,209.27,119548600,208.3
2024-08-06,205.3,209.99,201.07,207.23,69660500,206.27
2024-08-07,206.9,213.64,206.39,209.82,63516400,208.84
2024-08-08,213.11,214.2,208.83,213.31,47161100,212.32
2024-08-09,212.1,216.78,211.97,216.24,42201600,215.23
2024-08-12,216.07,219.51,215.6,217.53,38028100,216.77
2024-08-13,219.01,221.89,219.01,221.27,44155300,220.49
2024-08-14,220.57,223.03,219.7,221.72,41960600,220.94
2024-08-15,224.6,225.35,222.76,224.72,46414000,223.93
2024-08-16,223.92,226.83,223.65,226.05,44340200,225.26
2024-08-19,225.72,225.99,223.04,225.89,40687800,225.1
2024-08-20,225.77,227.17,225.45,226.51,30299000,225.72
2024-08-21,226.52,227.98,225.05,226.4,34765500,225.61
2024-08-22,227.79,228.34,223.9,224.53,43695300,223.74
2024-08-23,225.66,228.22,224.33,226.84,38677300,226.05
2024-08-26,226.76,227.28,223.89,227.18,30602200,226.38
2024-08-27,226.0,228.85,224.89,228.03,35934600,227.23
2024-08-28,227.92,229.86,225.68,226.49,38052200,225.7
2024-08-29,230.1,232.92,228.88,229.79,51906300,228.99
2024-08-30,230.19,230.4,227.48,229.0,52990800,228.2
2024-09-03,228.55,229.0,221.17,222.77,50190600,221.99
2024-09-04,221.66,221.78,217.48,220.85,43840200,220.08
2024-09-05,221.63,225.48,221.52,222.38,36615400,221.6
2024-09-06,223.95,225.24,219.77,220.82,48423000,220.05
2024-09-09,220.82,221.27,216.71,220.91,67180000,220.14
2024-09-10,218.92,221.48,216.73,220.11,51591000,219.34
2024-09-11,221.46,223.09,217.89,222.66,44587100,221.88
2024-09-12,222.5,223.55,219.82,222.77,37498200,221.99
2024-09-13,223.58,224.04,221.91,222.5,36766600,221.72
2024-09-16,216.54,217.22,213.92,216.32,59357400,215.56
2024-09-17,215.75,216.9,214.5,216.79,45519300,216.03
2024-09-18,217.55,222.71,217.54,220.69,59894900,219.92
2024-09-19,224.99,229.82,224.63,228.87,66781300,228.07
2024-09-20,229.97,233.09,227.62,228.2,318679900,227.4
2024-09-23,227.34,229.45,225.81,226.47,54146000,225.68
2024-09-24,228.65,229.35,225.73,227.37,43556100,226.57
2024-09-25,224.93,227.29,224.02,226.37,42308700,225.58
2024-09-26,227.3,228.5,225.41,227.52,36636700,226.72
2024-09-27,228.46,229.52,227.3,227.79,34026000,226.99
2024-09-30,230.04,233.0,229.65,233.0,54541900,232.18
2024-10-01,229.52,229.65,223.74,226.21,63285000,225.42
2024-10-02,225.89,227.37,223.02,226.78,32880600,225.99
2024-10-03,225.14,226.81,223.32,225.67,34044200,224.88
2024-10-04,227.9,228.0,224.13,226.8,37245100,226.01
2024-10-07,224.5,225.69,221.33,221.69,39505400,220.91
2024-10-08,224.3,225.98,223.25,225.77,31855700,224.98
2024-10-09,225.23,229.75,224.83,229.54,33591100,228.74
2024-10-10,227.78,229.5,227.17,229.04,28183500,228.24
2024-10-11,229.3,229.41,227.34,227.55,31759200,226.75
2024-10-14,228.7,231.73,228.6,231.3,39882100,230.49
2024-10-15,233.61,237.49,232.37,233.85,64751400,233.03
2024-10-16,231.6,232.12,229.84,231.78,34082200,230.97
2024-10-17,233.43,233.85,230.52,232.15,32993800,231.34
2024-10-18,236.18,236.18,234.01,235.0,46431500,234.18
2024-10-21,234.45,236.85,234.45,236.48,36254500,235.65
2024-10-22,233.89,236.22,232.6,235.86,38846600,235.03
2024-10-23,234.08,235.14,227.76,230.76,52287000,229.95
2024-10-24,229.98,230.82,228.41,230.57,31109500,229.76
2024-10-25,229.74,233.22,229.57,231.41,38802300,230.6
2024-10-28,233.32,234.73,232.55,233.4,36087100,232.58
2024-10-29,233.1,234.33,232.32,233.67,35417200,232.85
2024-10-30,232.61,233.47,229.55,230.1,47070900,229.29
2024-10-31,229.34,229.83,225.37,225.91,64370100,225.12
2024-11-01,220.97,225.35,220.27,222.91,65276700,222.13
2024-11-04,220.99,222.79,219.71,222.01,44944500,221.23
2024-11-05,221.8,223.95,221.14,223.45,28111300,222.67
2024-11-06,222.61,226.07,221.19,222.72,54561100,221.94
2024-11-07,224.63,227.88,224.57,227.48,42137700,226.68
2024-11-08,227.17,228.66,226.41,226.96,38328800,226.41
2024-11-11,225.0,225.7,221.5,224.23,42005600,223.69
2024-11-12,224.55,225.59,223.36,224.23,40398300,223.69
2024-11-13,224.01,226.65,222.76,225.12,48566200,224.58
2024-11-14,225.02,228.87,225.0,228.22,44923900,227.67
2024-11-15,226.4,226.92,224.27,225.0,47923700,224.46
2024-11-18,225.25,229.74,225.17,228.02,44686000,227.47
2024-11-19,226.98,230.16,226.66,228.28,36211800,227.73
2024-11-20,228.06,229.93,225.89,229.0,35169600,228.45
2024-11-21,228.88,230.16,225.71,228.52,42108300,227.97
2024-11-22,228.06,230.72,228.06,229.87,38168300,229.32
2024-11-25,231.46,233.25,229.74,232.87,90152800,232.31
2024-11-26,233.33,235.57,233.33,235.06,45986200,234.49
2024-11-27,234.47,235.69,233.81,234.93,33498400,234.36
2024-11-29,234.81,237.81,233.97,237.33,28481400,236.76
2024-12-02,237.27,240.79,237.16,239.59,48137100,239.01
2024-12-03,239.81,242.76,238.9,242.65,38861000,242.07
2024-12-04,242.87,244.11,241.25,243.01,44383900,242.43
2024-12-05,243.99,244.54,242.13,243.04,40033900,242.46
2024-12-06,242.91,244.63,242.08,242.84,36870600,242.26
2024-12-09,241.83,247.24,241.75,246.75,44649200,246.16
2024-12-10,246.89,248.21,245.34,247.77,36914800,247.17
2024-12-11,247.96,250.8,246.26,246.49,45205800,245.9
2024-12-12,246.89,248.74,245.68,247.96,32777500,247.36
2024-12-13,247.82,249.29,246.24,248.13,33155300,247.53
2024-12-16,247.99,251.38,247.65,251.04,51694800,250.44
2024-12-17,250.08,253.83,249.78,253.48,51356400,252.87
2024-12-18,252.16,254.28,247.74,248.05,56774100,247.45
2024-12-19,247.5,252.0,247.09,249.79,60882300,249.19
2024-12-20,248.04,255.0,245.69,254.49,147495300,253.88
2024-12-23,254.77,255.65,253.45,255.27,40858800,254.66
2024-12-24,255.49,258.21,255.29,258.2,23234700,257.58
2024-12-26,258.19,260.1,257.63,259.02,27237100,258.4
2024-12-27,257.83,258.7,253.06,255.59,42355300,254.97
2024-12-30,252.23,253.5,250.75,252.2,35557500,251.59
