ls_id,czs_id,czs_x,czs_y,czs_z,ls_x,ls_y,ls_z,distance
20636,494,28.62149007862224,23.215275177836016,197.6772744290528,1239.0869169651764,1008.2379212885434,859,0.9229144119866056
10826,297,226.88240235195292,46.82801343973121,129.99244015119697,969.7630886757712,1010.2109896276598,651,1.0558280001625164
8902,312,353.41099038863354,268.34663602173003,136.3409945674885,750.752503033837,721.1564779470892,600,1.1247165054341386
13074,394,65.65569076592699,293.75089477451684,156.84216177523265,1132.5412266528842,629.4088001781708,703,1.2943829201270505
20460,510,128.10308980652613,274.35547213398786,212.6661853883916,1047.6992880708738,659.991359434477,855,1.399179516799797
11774,402,364.7813985064494,302.4718262050238,162.59843856076034,721.1564779470892,669.8567011300596,673,1.487922759980565
33466,659,458.8586019789339,60.14251516118736,290.3064155761251,636.3145393650788,1019.0897971536842,1085,1.5320989950146418
14493,403,56.42742167289451,110.6861167002012,158.0310434032768,1184.8275376394722,888.8672867719937,734,1.5619190564567569
8793,278,218.9275058885109,129.5686992933787,119.68359068306728,963.8438836584216,895.7730259589015,598,1.7360036407820034
1967,102,248.43224015269823,406.9109838625716,62.53132049279889,861.2443300243624,515.9573706789708,338,1.8266190433053195
36777,763,65.85485592315902,284.0177872643188,321.04197794379223,1140.4335000093504,627.4357318390544,1165,1.845217954037852
7521,298,241.6023174464364,373.75754263226935,127.25076519457804,874.0692742286197,555.4187374613012,562,1.8770344400182364
13159,330,330.3580674292595,65.59557495484648,152.76309452137266,819.8098949029154,996.399511253844,705,1.9113965236009327
9317,261,166.03651804670912,30.307430997876857,114.39002123142252,1059.5376981055729,1026.9820705101504,612,1.926699082981848
10414,271,73.89722507708119,46.42925659472422,122.06457690990064,1178.9083326221223,984.561101219145,641,1.933163263925196
34095,682,329.92332497312793,89.20512361160874,294.50931565747044,811.9176215464493,955.9516103019556,1098,1.9365599176132036
38472,799,472.0172626387176,114.0110974106042,340.1553637484587,604.7454459392144,946.0862686063728,1217,1.9639502974150749
21025,486,151.52305308020146,14.08330104610616,201.809376210771,1075.3222448185052,1037.8339463752911,866,1.9728047265340192
28514,616,356.0317147464612,196.61870632503133,264.8027235262498,747.7929005251623,806.9849506986579,994,2.037201773738893
20722,531,110.2100386100386,302.34362934362935,214.545945945946,1065.4569031229223,617.5703901434717,860,2.0447379687943763
15733,475,225.28012048192767,384.6029743975904,192.4785391566265,892.8134234502268,527.79578071367,761,2.0761577924936074
21726,521,65.95200288704439,102.62360158787442,208.929628293035,1172.989127604773,899.7191626371346,878,2.1855182040321
1503,60,227.52723092398327,406.2695789624946,51.08233941658284,868.1500692112702,513.9843023398543,294,2.1958614075900256
13020,372,63.84780621572212,211.0020566727605,153.85397623400365,1152.2719100440495,747.7929005251623,701,2.2018398201199822
13058,395,73.90991810737033,313.7743403093722,157.58416742493176,1115.7701457703938,601.7858434305396,702,2.2259428166283675
34173,699,337.4025078369906,73.29592476489029,295.05956112852664,804.0253481899832,980.614964540912,1099,2.2276943566524485
32175,683,413.1711288987027,252.23033397736685,293.88089980679,659.991359434477,738.9140929991379,1059,2.2541436785555087
40512,828,141.6515243902439,265.3969512195122,363.7079268292683,1045.7262197317573,665.9105644518265,1282,2.3522173345655584
39176,797,176.4516806722689,63.66326530612245,340.7557022809124,1041.7800830535243,968.7765545062128,1239,2.361795799836844
8336,294,107.27692842251564,262.9669909659486,119.4593467685893,1080.2549156662965,687.6143161821083,585,2.4081518594273432
37922,794,370.67340473676273,344.44079046613365,346.980087494343,707.3449995732735,597.8397067523065,1200,2.411342615843032
18265,487,291.55769745649263,103.85408299866133,192.2273092369478,862.2308641939206,934.2478585716736,813,2.6182906497646083
29431,608,188.13027248973495,99.03471444568868,259.01231802911536,1004.2917846103104,918.4633118587416,1009,2.62260897705498
31404,641,276.37263857172513,87.71974257836828,275.2929209051277,884.9211500937606,950.032405284606,1045,2.6389445307564654
29965,687,410.4892420537897,448.07432762836186,291.9205378973105,626.4491976694961,461.6979913532664,1018,2.6846632018398404
10275,306,257.7494866529774,2.812457221081451,121.73100616016428,940.1670635890232,1078.28184732718,637,2.7032360520396623
36726,748,319.7026268808977,56.11553175210405,316.8780923233869,830.6617707680563,1002.3187162711936,1164,2.7253689970476707
39251,819,304.68333333333334,365.6599099099099,360.2027027027027,792.186938155284,557.3918058004177,1242,2.738776863725378
16900,480,179.40139975298476,359.93742280773984,196.8167970358172,959.8977469801883,552.4591349526265,786,2.776105398717532
37234,752,208.61181504031595,77.60868849761395,319.7070923152871,988.507237897378,952.9920077932808,1179,2.855949274436523
39579,812,248.96442687747037,188.39597556593603,351.4699964067553,911.5575726718336,799.0926773421919,1253,2.8680781881813107
13405,374,84.42528195488721,158.85056390977442,154.5187969924812,1133.5277608224426,825.729099920265,710,2.8708452446530117
26349,603,472.0969877523999,153.00099304865938,255.00926845415427,596.8531725827482,888.8672867719937,957,2.875242491609587
16502,440,285.17786442711457,118.61037792441512,179.11847630473906,868.1500692112702,912.544106841392,777,2.923409449295525
39908,829,160.03482824427482,341.35257633587787,361.9375,1002.3187162711936,563.3110108177674,1263,2.9711699237915075
14601,413,367.3199759326113,198.21973525872443,176.99097472924188,734.9679563209048,815.8637582246823,736,3.076896393276578
36796,761,62.04344422700587,231.12720156555773,319.56947162426616,1152.2719100440495,704.3853970645988,1166,3.0926449767696704
10134,304,185.30128563443265,25.579373951928453,121.97847959754051,1035.8608780361749,1034.8743438666163,634,3.107837419163946
24442,576,187.49889429455996,277.69747899159665,239.22379478107032,966.8034861670964,661.9644277735935,925,3.1427453466878656
36795,747,236.36467124631992,92.17899901864573,315.8304219823356,945.0997344368146,936.2209269107902,1166,3.200293098691479
33586,753,397.6223628691983,411.87130801687766,312.9662447257384,652.0990860780109,511.0246998311795,1088,3.229266985293051
17478,528,337.6982857142857,474.8662857142857,214.72257142857143,718.1968754384144,421.2500904013777,798,3.2677743988588026
38128,778,392.6486057183198,211.27109071655488,341.01217790328275,701.425794555924,791.2004039857258,1207,3.282717091216034
38161,780,204.7859680284192,264.45808170515096,337.65364120781527,954.9650761323971,681.6951111647587,1208,3.3022670332539263
9734,288,399.6743908672687,81.06985857897428,129.036292383711,724.116080455764,990.4803062364946,623,3.304565563946208
10724,296,230.06682474671263,6.550549687432636,125.90967881008838,974.6957595235624,1070.389573970714,649,3.312919294567384
24655,564,296.8436187399031,185.7663974151858,238.1537964458805,833.621373276731,812.9041557160075,928,3.3444674602663222
10795,314,286.1509922346851,45.88668392292206,131.11820534943917,887.8807526024355,1019.0897971536842,650,3.355138157949756
17510,503,180.10975980541198,446.5016722408027,206.0112496199453,940.1670635890232,429.1423637578438,798,3.3748537548060225
25057,557,106.5326902465166,113.30546623794211,231.7749196141479,1114.7836116008357,887.8807526024355,935,3.375636944039352
23225,539,424.5530610482687,149.29859252223469,233.31802089629565,662.9509619431518,884.9211500937606,904,3.378811781164879
20708,507,366.72375279225616,149.6813104988831,215.01470588235293,748.7794346947205,876.0423425677362,860,3.386969218270186
39948,811,259.1927066960075,63.407733417164415,349.2706696007545,922.4094485369744,984.561101219145,1264,3.3889632347686978
6424,207,234.6601981833196,34.70933113129645,86.6657720891825,969.7630886757712,1031.9147413579417,526,3.411812203307899
21024,496,398.4985163204748,98.11887982195846,213.94788575667656,713.2642045906231,958.9112128106302,866,3.432157709737681
10539,339,334.22843317203404,218.3806107124979,146.1792090772568,788.240801477051,785.2811989683762,644,3.45321510218962
32517,672,471.3500370278944,117.63737348802763,288.15255492470993,604.7454459392144,940.1670635890232,1066,3.4757779669301057
16393,493,345.1107444077741,302.0572057205721,196.0942427576091,745.8198321860457,660.9778936040352,775,3.521737684318744
22576,552,414.6223043746149,128.96549599507085,226.7781885397412,682.681645334317,913.5306410109504,893,3.5314617328185767
36002,751,323.96949788831535,209.25175973721255,316.83341154387614,796.1330748335171,781.3350622901431,1144,3.5441904238702486
33639,694,398.5487804878049,244.36114190687363,302.4370842572062,681.6951111647587,746.806366355604,1089,3.5479922593629967
6748,269,275.3726243040891,318.8444999040123,116.68976770973316,847.4328516505467,640.2606760433117,535,3.5941058100420564
23152,530,296.09967519285425,150.93605359317905,226.3911896061713,840.5271124636389,867.163535041712,903,3.5999351967838207
34351,725,398.7734241908007,236.26064735945485,307.43100511073254,687.6143161821083,761.604378898978,1103,3.640212491819303
22204,558,441.7176850763808,189.68507638072856,231.12749706227967,631.3818685172874,831.6483049376145,887,3.6894483999063534
18716,515,446.5794852384557,261.50605601816807,215.2910673732021,613.6242534652387,735.9544904904632,822,3.70220822970678
4497,171,198.7932338726623,145.51607480563143,74.1430972893465,996.399511253844,874.0692742286197,453,3.703942262239193
40556,825,71.17355371900827,224.1785123966942,360.9892561983471,1145.3661708571417,708.3315337428318,1284,3.713343522711822
22752,520,199.5974658869396,85.02972709551656,216.90131578947367,993.4399087451694,943.126666097698,896,3.742670644423062
5120,196,296.2408084696824,104.41174205967276,81.73724735322425,864.2039325330371,948.0593369454892,479,3.744412641114857
5913,260,461.03195020746887,326.88278008298755,118.59626556016596,594.8801042436318,659.991359434477,507,3.777156276116455
5748,254,428.61991584852734,367.8227559607293,116.53699158485271,629.4088001781708,602.7723776000978,500,3.785392266347327
31215,663,340.37823834196894,179.07081174438687,280.6753022452504,774.4293231032353,826.7156340898232,1041,3.787815122176432
11336,341,307.97829379101466,80.82281675921251,139.4384149419485,848.4193858201049,973.7092253540042,663,3.795236125169854
11137,307,158.28863692383536,82.90362336701996,132.84594527976338,1052.631958918665,948.0593369454892,658,3.86852330695221
7756,258,352.9867296446244,116.12753036437248,113.9140800719748,785.2811989683762,934.2478585716736,569,3.885684028454107
31319,629,367.2527781893614,82.12935249666617,274.5562305526745,759.6313105598614,974.6957595235624,1043,3.936606360608349
11847,405,414.623664980326,326.5525576166386,167.43507588532884,647.1664152302196,643.2202785519866,675,3.964761619480894
24266,579,339.6811070998797,220.1598074608905,239.8575210589651,768.5101180858858,769.496652255444,921,3.9729760038809223
8671,268,85.14896988906497,89.93238246170101,109.64342313787638,1156.2180467222825,928.328653554324,594,4.003481218915942
38340,807,291.5272727272727,219.0787878787879,341.6515151515151,848.4193858201049,763.5774472380945,1214,4.004060462474245
17279,488,151.63448922211808,294.34208059981256,194.3070915338957,1012.1840579667764,639.2741418737535,793,4.010078947340957
36360,744,212.53694866232829,195.39927693420103,315.270715835141,954.9650761323971,779.3619939510266,1153,4.029838381500322
39542,805,309.86516853932585,171.17293600390815,350.3754274548119,831.6483049376145,834.6079074462892,1251,4.039234810127688
42869,846,179.70576923076922,114.61826923076924,385.6372596153846,1019.0897971536842,906.6249018240424,1361,4.059673684970123
21601,525,106.56404641996934,353.5914166849135,221.9881760455441,1059.5376981055729,546.5399299352769,875,4.062232821378718
37085,781,431.2467018469657,272.910290237467,334.9688654353562,635.3280051955204,710.3046020819484,1174,4.065479260830519
1877,104,235.25827814569536,453.8588273299952,62.4210951381037,859.2712616852458,454.7922521663586,327,4.093282004581258
10263,303,130.11279026907482,29.279764098783637,122.32989310726134,1106.8913382443695,1020.0763313232424,637,4.097128714041561
29256,609,261.1397004300756,141.70784517277175,263.4388254486134,893.799957619785,870.1231375503867,1005,4.10746712235416
9948,323,361.1094491061656,116.1379058737687,131.91426486683693,770.4831864250023,935.234392741232,628,4.172673206169557
17276,422,171.08637128435225,2.6480650588895123,176.3867077958497,1053.6184930882234,1062.4973006142477,793,4.1804387251628325
28176,598,328.9338316113432,86.92745658386458,255.0136293690921,810.931087376891,959.8977469801883,988,4.180448323988985
14714,409,58.61728781709991,126.62480425931726,160.2655809583464,1176.935264283006,864.2039325330371,738,4.203146944006155
38135,782,265.0449826989619,78.60899653979239,331.29757785467126,905.638367654484,963.8438836584216,1208,4.223201753782783
17099,472,329.21784448613715,260.41713570981864,197.816552011674,775.4158572727936,716.2238070992979,790,4.247561943116237
6513,250,407.4487959134031,214.5937728046704,112.46290440282168,692.5469870298996,812.9041557160075,528,4.25120467699534
22603,524,103.66535947712418,178.26100217864925,220.5074074074074,1104.918269905253,792.186938155284,894,4.300083228295421
29469,678,398.2661870503597,469.8866050017129,288.8167180541281,639.2741418737535,428.1558295882856,1009,4.3275862701388
4092,145,334.0982897951513,122.2988160120278,70.70456681074985,812.9041557160075,933.2613244021154,436,4.335805714600292
23281,532,323.43211362542127,122.70534424650938,226.90346653827635,808.9580190377745,910.5710385022754,905,4.355531543937691
26216,583,444.0851718830169,109.2634684453566,248.5,643.2202785519866,948.0593369454892,955,4.356909521924087
11262,344,101.02861230329042,181.30243204577968,138.653791130186,1106.8913382443695,798.1061431726336,661,4.3657662803390265
12307,388,130.7020094755759,467.0272831236726,168.5376572455481,1004.2917846103104,393.6271336537464,685,4.386716215498737
1804,101,311.02725157859754,346.5199401794616,55.64140910601529,806.9849506986579,616.5838559739135,320,4.393739965715101
13779,365,391.0783394710412,48.79661868095079,158.26950117174422,737.9275588295797,1029.941673018825,718,4.42806888790751
33721,674,431.0137299771167,106.5183066361556,294.3778604118993,663.93749611271,950.032405284606,1090,4.454589942410453
18495,513,402.3845305897483,312.7475656806908,212.7282748484292,662.9509619431518,654.0721544171274,818,4.534936992271088
14434,434,368.2617728531856,228.0639889196676,177.14986149584487,729.0487513035553,770.4831864250023,732,4.548123557639202
11553,342,137.3163852647736,159.23810437452033,140.34247889485803,1065.4569031229223,836.5809757854058,668,4.584082418959341
32330,635,274.80457988980714,70.69300964187327,280.93164600550966,888.8672867719937,974.6957595235624,1062,4.600638556130166
14858,400,256.05346242896235,102.6635445169438,166.01778572932014,914.5171751805084,931.2882560629988,741,4.619813473799828
18705,460,98.74573170731708,63.32621951219512,186.8740853658537,1134.5142949920007,963.8438836584216,822,4.68016705779015
29245,666,383.39606035205367,460.6684828164292,286.932103939648,661.9644277735935,437.0346371143099,1005,4.680435312823887
11165,352,262.60917030567686,154.37797185832122,142.55604075691411,895.7730259589015,862.2308641939206,658,4.694412996073093
7338,359,370.8432245301681,497.7141444114738,139.30811078140454,673.8028378082927,402.50594117977073,556,4.716444857048471
14127,389,296.7195040956387,83.8169138808944,161.1937126411335,861.2443300243624,966.8034861670964,726,4.740492940925252
34797,692,403.9685298262095,61.189055894786286,300.0770314701738,714.2507387601813,1009.2244554581016,1113,4.748734753630337
12139,398,419.9950118141245,168.33027041218168,158.54975059070622,673.8028378082927,867.163535041712,682,4.7596142983077305
13060,458,267.83402489626553,376.0529045643153,174.15145228215766,833.621373276731,550.4860666135099,702,4.76065270561868
26272,563,165.16745124411568,32.27572293207801,233.9862138533961,1055.59156142734,1013.1705921363348,956,4.768150557793955
21848,574,363.2233400402415,464.0350100603622,242.29456740442657,688.6008503516666,432.10196626651856,880,4.838449704457296
31023,685,376.359168241966,449.8481411468179,296.7025834908633,671.8297694691761,450.8461154881255,1038,4.866878883329801
15622,421,394.4492588369441,131.79051962860402,179.1653363740023,715.2372729297397,910.5710385022754,759,4.884303613772612
36121,737,454.0127758420441,110.59668989547038,314.4497677119628,637.301073534637,947.0728027759312,1147,4.963149690032674
33250,732,206.3531542408693,476.2212496226985,307.5454271053426,904.651833484926,380.802189449489,1081,4.9679680773755885
23366,565,252.73455532926,250.6442634080109,232.49219280380177,879.0019450764111,714.2507387601813,907,4.982011451377642
40740,810,230.6382495948136,41.46012965964344,355.9867098865478,972.722691184446,1012.1840579667764,1290,5.005963717543936
35412,713,34.1313231996013,268.46922501868926,306.3349115375031,1187.7871401481468,642.2337443824283,1127,5.00976064145359
13302,436,368.38878285127,459.7081192189106,184.0800176185582,682.681645334317,445.9134446403342,707,5.009999034607508
33360,701,426.7332673267327,279.42356435643563,304.2590099009901,635.3280051955204,701.425794555924,1083,5.01246764681061
23177,553,188.06201550387595,142.015503875969,223.0077519379845,997.3860454234024,859.2712616852458,904,5.069427371512078
19120,499,427.39010067114094,156.31879194630872,207.20973154362417,661.9644277735935,879.0019450764111,830,5.072439988330113
10715,331,320.8583569405099,87.41403355850947,135.18086729134887,831.6483049376145,966.8034861670964,648,5.080496071647995
32559,640,391.7141931302657,77.6252430330525,282.58846403110823,726.0891487948805,984.561101219145,1067,5.087288434903644
39137,813,94.3352176370831,352.60203504804974,351.19502543810063,1091.1067915314372,530.7553832223447,1238,5.130082588549016
14419,381,4.859677419354838,83.57741935483871,154.30685483870968,1261.7772028650163,918.4633118587416,732,5.133622499588817
6358,320,426.9512534818941,487.0705663881152,133.6423707830393,603.758911769656,434.0750346056351,524,5.141962739386343
18403,450,147.18719859710654,2.8180622533976325,181.06882946076283,1084.2010523445294,1056.578095596898,816,5.151607665157278
36158,742,375.59114895658433,170.7371072199568,318.49844087311106,732.0083538122301,844.4732491418719,1148,5.181029217137746
2058,48,179.58479924801932,253.01732241170944,52.02027662145831,973.7092253540042,726.0891487948805,346,5.185211524618695
19713,517,311.98778869126625,248.4058932837802,213.5914520838864,800.0792115117501,728.062217133997,841,5.20265444106788
29454,650,23.31020942408377,472.17277486911,278.8357329842932,1155.2315125527243,354.1657668714159,1009,5.212073592848227
27248,592,381.5347144456887,44.588465845464725,248.91853303471444,746.806366355604,1027.9686046797085,972,5.217380283162797
6438,284,441.6764162561576,333.9793719211823,122.48583743842364,617.5703901434717,648.1529493997779,526,5.222043947597679
34294,689,76.82771949199338,186.53478741027055,294.7904472667035,1144.3796366875831,767.5235839163275,1102,5.2460263102341305
4387,198,91.0920060331825,261.2711161387632,76.6579939668175,1109.8509407530444,693.5335211994578,448,5.283773477826735
39707,785,416.3050965790086,92.95927391203163,348.9052827554107,693.5335211994578,966.8034861670964,1256,5.291026592222741
43201,857,166.73151750972764,197.43579766536965,395.3229571984436,1025.0090021710337,767.5235839163275,1376,5.293838010011358
38378,789,65.58795051102743,352.8770844540076,341.8743948359333,1131.554692483326,525.8227123745534,1214,5.303663899079886
36365,790,304.59420289855075,418.4782608695652,331.8260869565217,774.4293231032353,483.4017430835482,1153,5.330379551593774
34871,679,315.63620145464523,38.05585288870592,297.4127898998216,840.5271124636389,1025.995536340592,1115,5.344016466135114
5834,274,266.16988416988414,396.5814671814672,112.13822393822394,839.5405782940805,533.7149857310195,503,5.369941312878507
5741,230,220.6382553317536,434.4940017772512,110.62818424170617,887.8807526024355,468.60373054017424,500,5.374177327216914
30770,657,397.8891352549889,273.6174158435799,285.6280991735537,675.7759061474092,704.3853970645988,1033,5.391058018866579
3014,110,202.35987978963183,268.4581141998497,65.55221637866266,952.0054736237224,705.371931234157,388,5.401101682260242
14335,412,297.3600776931122,171.59943224264157,169.95517705064992,841.5136466331971,839.5405782940805,730,5.411432975120178
2489,137,404.9025014772503,196.45558400630293,58.62202087847154,730.0352854731135,836.5809757854058,366,5.424925020662787
8226,329,200.50918079096044,390.0455508474576,131.62570621468927,921.4229143674164,524.8361782049951,582,5.433706691456752
24876,607,263.7894736842105,376.308864265928,249.8365650969529,840.5271124636389,537.6611224092526,932,5.446507937796972
2562,112,199.2027945135239,283.6809383412383,61.25265991539546,949.0458711150476,686.62778201255,369,5.452400932285653
2315,162,155.8270341207349,448.5839895013123,70.49133858267716,962.8573494888632,438.0211712838681,360,5.468466022819687
36731,749,381.6177715091678,78.37940761636108,316.516784203103,740.8871613382545,980.614964540912,1164,5.488348268490144
14506,464,321.2251372788285,334.9292251372788,183.94142769981696,774.4293231032353,610.664650956564,734,5.491522560220351
34435,717,27.03601340033501,297.13651591289783,299.9413735343384,1189.7602084872635,601.7858434305396,1105,5.501482388718315
26787,595,298.6702508960573,190.1007168458781,253.10125448028677,827.7021682593814,806.9849506986579,964,5.512859688236502
34687,755,458.2556719022688,328.717277486911,317.510907504363,586.9878308871656,637.301073534637,1111,5.5620089403055015
7623,265,83.96609798775152,265.2876202974628,114.04374453193353,1114.7836116008357,680.7085769952005,565,5.583548653345212
11626,391,63.87970415488362,490.632151403089,162.54927126386775,1093.0798598705535,349.23309602362457,670,5.584819769669702
5976,180,79.16046658259773,39.47604035308953,79.78877679697352,1193.7063451654965,1008.2379212885434,510,5.588333939796226
9027,272,90.20599039276632,312.6422718282001,125.0163888103984,1093.0798598705535,612.6377192956804,604,5.608257319818568
29169,623,175.57781201849,181.0647149460709,261.89429892141754,1004.2917846103104,795.1465406639588,1004,5.616568191150829
25928,549,100.45326107993031,153.0479969034256,239.06909231662476,1114.7836116008357,824.7425657507067,950,5.624927957677614
38721,786,399.377510967444,103.86146386515816,340.2689909951512,717.2103412688562,947.0728027759312,1224,5.629048655853551
20994,535,131.9905466502261,359.2840115084258,221.19194410193177,1023.0359338319172,540.6207249179273,865,5.629561149857554
21256,533,162.24760164458658,377.1329374143445,225.9419826404751,981.6014987104704,519.9035073572038,870,5.654415237889412
3109,166,419.1813339509032,226.496062992126,71.07341361741547,692.5469870298996,799.0926773421919,392,5.668724965708152
19032,500,227.83764135702745,305.4273021001616,209.5107700592353,902.6787651458092,632.3684026868457,828,5.686757362419815
42602,845,183.71920529801324,182.70596026490065,383.9002207505519,1009.2244554581016,791.2004039857258,1351,5.703126483650229
29247,597,209.9231063504208,19.475899005355775,252.5409334353481,996.399511253844,1041.7800830535243,1005,5.741525040031873
4865,238,391.9169145771356,292.71716957076075,100.08436039099024,703.3988628950405,699.4527262168075,471,5.754010601689715
20743,582,321.625,466.05,235.475,744.8332980164874,429.1423637578438,860,5.778773259407473
12464,415,163.45613368780857,348.0584884162552,163.36004557538928,982.5880328800284,574.1628866829083,689,5.785908068642142
31913,680,389.18959257765226,330.0574828559903,295.3388463089956,678.735508656084,624.4761293303795,1054,5.845898630108945
9240,289,301.492381489842,93.37161399548532,122.1433408577878,859.2712616852458,955.9516103019556,610,5.865639032170659
17201,481,67.60693641618496,328.2828241123039,190.79314616019815,1119.7162824486268,576.1359550220247,792,5.8664833000814784
34791,734,309.77446018893386,337.3149460188934,314.3019568151147,791.2004039857258,597.8397067523065,1113,5.943524438818596
4545,247,378.2827088759768,468.3786816269285,108.30775395712284,677.7489744865256,454.7922521663586,456,5.948669851160961
14782,418,207.97761033369216,250.32981700753496,173.810764262648,947.0728027759312,713.2642045906231,740,5.970959761564004
23924,544,352.631326584976,99.11267980820458,229.08231220031965,775.4158572727936,952.0054736237224,916,6.000285486134004
4158,243,420.2168630338733,399.3144329896907,98.46759941089836,639.2741418737535,562.324476648209,439,6.001905315257284
34938,696,452.67548879351455,39.64902241297091,301.19074868860275,651.1125519084526,1049.6723564099902,1116,6.019375481819639
12589,425,133.7462783171521,401.4381877022654,165.31844660194176,1014.1571263058928,488.3344139313395,692,6.028917831073257
24543,591,176.69374847968865,416.463877402092,245.92143030892728,953.9785419628388,464.6575938619412,926,6.034407446062302
34770,721,415.6210144927536,174.3197463768116,308.7766304347826,672.8163036387344,847.4328516505467,1113,6.043326506982884
11091,366,433.5652325988108,132.93424274221755,147.9450856942987,661.9644277735935,920.436380197858,657,6.046504946895678
40799,826,305.43333333333334,157.81126760563382,366.0281690140845,844.4732491418719,854.3385908374545,1291,6.056474766804894
5113,156,337.0276123443422,91.1797509474824,79.62114239306985,813.8906898855657,967.7900203366546,479,6.06211856602186
37997,787,155.52889597449183,297.1630131526505,337.3463531287365,1015.1436604754512,623.4895951608213,1203,6.067329179129342
32495,698,159.93205435651478,467.521582733813,300.5805355715428,971.7361570148876,383.76179195816377,1066,6.0882925067244384
4587,157,347.7186506966512,104.50085553654364,74.83402591053532,799.0926773421919,957.924678641072,458,6.09362654272288
42699,848,287.56954022988504,238.42394636015325,388.63065134099617,850.3924541592214,732.0083538122301,1355,6.095674821157627
19843,516,314.1320754716981,86.9245283018868,202.88679245283015,831.6483049376145,960.8842811497468,844,6.1147353850550346
37672,779,65.57578008915304,388.03083209509657,336.92421991084694,1123.66241912686,476.49600389664033,1191,6.116895892724192
4685,203,99.41379310344828,300.7968313140727,84.14072693383038,1085.1875865140878,639.2741418737535,462,6.13564805270223
19929,506,395.7724196277496,156.82120699379584,210.2272983643542,704.3853970645988,868.1500692112702,845,6.135849159364977
33746,707,375.8973991887378,306.4757814364113,306.3698401336197,702.4123287254822,652.0990860780109,1091,6.158852098839197
13449,455,407.1857923497268,257.224043715847,173.12568306010928,675.7759061474092,734.9679563209048,711,6.160780635826824
35630,767,241.39147424511543,426.12824156305504,324.7392539964476,868.1500692112702,459.7249230141499,1134,6.173192106751441
25273,562,342.8639749117993,41.51156409251274,235.9933359466876,802.0522798508666,1029.941673018825,939,6.17394694726896
4571,188,146.54060324825986,194.0387802452768,76.42492542260524,1053.6184930882234,794.1600064944006,457,6.186452629091977
23015,567,395.7753959366501,283.01535754279314,240.4805631099024,676.7624403169674,691.5604528603413,901,6.18815640018871
15604,482,350.15540249677144,389.9789065863108,196.0253981919931,720.169943777531,539.6341907483691,758,6.192329950522953
1528,24,359.72021824795394,324.97696271597454,43.59108820854805,774.4293231032353,668.8701669605014,295,6.206120583017979
35286,731,140.34094447327453,284.37701089776857,308.45563051375194,1034.8743438666163,639.2741418737535,1124,6.2091378356430695
37084,771,111.019248395967,319.68240146654443,327.02658111824013,1070.389573970714,583.0416942089325,1174,6.226045824039661
8268,240,126.28101530563742,68.84789428652914,107.7698450423044,1110.8374749226025,967.7900203366546,584,6.2265043289522914
22884,559,98.58818140174073,341.15116811726983,229.219880897847,1072.3626423098303,559.3648741395343,898,6.244542696731248
22011,550,161.4464538005086,397.1537157389093,231.0104549307714,979.6284303713536,490.307482270456,882,6.264783934115711
35402,693,182.74382538770823,112.23707639287764,301.15249856404364,1013.1705921363348,897.7460942980181,1127,6.277692503575583
21159,522,168.67193755004004,211.9347477982386,214.2197758206565,1004.2917846103104,755.6851738816283,868,6.286007023095497
9737,364,397.86256983240224,449.0996009577015,157.88970470869913,646.1798810606613,473.5364013879656,623,6.302539591698699
9469,275,121.36899667142178,99.10746552543984,120.31019178950706,1103.9317357356947,919.4498460282998,616,6.312744492833515
21933,540,211.088726317764,343.33445882573625,229.9075220408929,915.5037093500669,577.122489191583,881,6.318770438460662
6786,315,382.3681189668667,442.6723193321158,128.7547612835899,669.8567011300596,486.36134559222296,537,6.319223646390798
39851,820,241.75378151260503,219.4075630252101,356.87563025210085,912.544106841392,751.7390372033954,1261,6.335980036415628
24755,545,260.99394306480923,72.28800726832223,230.08328285887345,907.6114359936006,968.7765545062128,930,6.34049969791528
12203,397,257.08187772925766,311.4457787481805,161.6877729257642,865.1904667025954,637.301073534637,683,6.3481230844450165
2247,179,382.7422850844967,463.82274063188834,78.07310800881704,684.6547136734335,466.6306622010577,356,6.351212639021755
25439,556,372.9935567010309,77.5428939617084,241.33726067746687,752.7255713729536,981.6014987104704,942,6.363424006659085
3712,181,390.705146533238,217.26590421729807,77.79199428162974,728.062217133997,807.9714848682162,422,6.365230493991659
3915,144,165.92239703022804,163.7937069117907,68.41700547993636,1039.8070147144076,837.5675099549641,428,6.3730240245102685
5231,199,81.85814213766088,177.0005595970901,79.60464465584779,1143.3931025180252,805.9984165290997,482,6.383624888734405
6231,287,439.7019650655022,434.47407205240177,124.64192139737992,599.8127750914231,513.9843023398543,519,6.385710995137167
17782,526,389.4629204892967,430.28306574923545,216.35951834862385,657.0317569258023,489.32094810089774,804,6.405688093265464
36924,759,343.49857142857144,161.46942857142858,322.58885714285714,777.3889256119102,854.3385908374545,1170,6.415885000012344
15469,408,247.2018323153804,59.63103831204887,166.08550805108274,933.2613244021154,989.4937720669363,755,6.4354148744766935
34219,714,301.6671094580234,300.6305791710945,306.34032943676937,805.0118823595415,647.1664152302196,1100,6.50920437505236
39606,804,309.34510010537406,52.27608008429926,345.8925184404636,856.3116591765711,1007.251387118985,1253,6.513129284015835
15684,476,184.72201392608463,401.336368505624,188.30476700589185,944.1132002672564,496.2266872878056,760,6.524103093790336
25243,611,332.17545008183305,450.8288052373159,259.4828150572831,734.9679563209048,442.9538421316594,938,6.592975669804511
10987,429,284.696644295302,495.8800894854586,166.731096196868,786.2677331379344,388.6944628059551,655,6.61921195928258
16702,501,337.0886224729666,403.8175834508698,203.36436295251528,735.9544904904632,515.9573706789708,782,6.6221672450892175
26851,605,216.1353987378084,258.18588640275385,253.74985656913367,931.2882560629988,692.5469870298996,965,6.628267282597515
23543,585,447.05392156862746,278.6612978524743,243.60107376283847,609.6781167870056,708.3315337428318,909,6.649185827678869
19358,542,287.7991329479769,444.1815992292871,223.26926782273603,797.1196090030753,455.7787863359168,834,6.656452255120921
1976,149,479.0049006964148,294.3110652566417,65.95873097755997,593.8935700740734,717.2103412688562,339,6.661326068236895
31864,684,340.867117919487,334.2340577128607,293.9483434271464,744.8332980164874,607.7050484478891,1053,6.682370344271185
19850,473,132.67325680272108,46.65242346938776,192.73958333333331,1096.0394623792286,987.52070372782,844,6.689690666164642
5856,190,387.11410788381744,28.49211618257261,81.01929460580912,764.5639814076527,1058.5511639360147,505,6.695590874098591
10526,335,105.07678410117434,194.7527853056308,133.90243902439025,1099.9855990574615,782.3215964597014,644,6.714698064223617
6864,280,58.34479202475077,433.15641113784807,114.3643863870746,1110.8374749226025,437.0346371143099,540,6.733894082272936
17453,443,250.64609850581076,39.601272827891535,179.72772551189817,932.2747902325572,1019.0897971536842,797,6.743742277376307
2607,111,330.7664292980671,264.44516785350964,59.97314343845371,805.0118823595415,731.0218196426719,371,6.754659117816991
11435,293,14.534371523915462,35.06562847608454,129.6921023359288,1263.750271204133,992.4533745756112,665,6.758894577900229
42316,840,330.3174733388023,116.64971287940936,379.2633305988515,819.8098949029154,914.5171751805084,1339,6.760903995893865
29510,620,247.5665961945032,186.89464411557435,266.977096546864,898.7326284675763,799.0926773421919,1010,6.78315177569828
20951,555,238.14503133393015,497.376454789615,233.7882721575649,852.365522498338,362.058040227882,864,6.810607346706741
27520,649,447.4007352941176,389.80882352941177,275.82085561497325,584.0282283784909,551.4726007830682,977,6.817948838431483
21949,514,104.16979714500376,67.01878287002253,206.1915852742299,1128.5950899746513,958.9112128106302,881,6.862877450127357
23236,571,215.35254988913525,374.7379896526238,240.4331116038433,905.638367654484,530.7553832223447,905,6.875255218028534
3690,167,72.70758483033931,380.1680638722555,73.9564870259481,1094.066394040112,519.9035073572038,421,6.882323217611037
34702,720,301.33678756476684,104.26424870466322,299.8549222797928,845.4597833114302,936.2209269107902,1111,6.883033161006943
5544,241,408.2758911030031,174.52287398259892,96.48077462812238,703.3988628950405,868.1500692112702,492,6.888279133207128
15994,437,38.92078431372549,271.64941176470586,178.5678431372549,1171.0160592656564,651.1125519084526,766,6.915247562206952
13930,417,313.27377347062384,123.8534221683828,162.28225317989097,828.6887024289397,907.6114359936006,722,6.918349256458847
42379,837,229.9411566913248,141.13080026899797,379.7414256893073,947.0728027759312,861.2443300243624,1341,6.951875997397043
10065,322,406.7572614107884,72.38589211618257,131.71230982019364,720.169943777531,997.3860454234024,631,6.980437623140844
41083,839,231.3572192513369,364.7465240641711,376.275935828877,900.7056968066928,541.6072590874855,1300,6.9841591115277
37916,800,349.7758945386064,265.77212806026364,339.0188323917138,756.6717080511867,707.3449995732735,1200,7.008690865917695
9537,318,396.0878991596639,313.8857142857143,145.76789915966387,677.7489744865256,661.9644277735935,617,7.009230089644741
37545,788,279.8416030534351,318.63454198473283,338.0496183206107,836.5809757854058,615.5973218043553,1188,7.018760974785637
31939,644,317.59298998569386,138.95622317596568,280.6201716738197,812.9041557160075,878.0154109068528,1055,7.022591072246188
1786,17,256.41146859268986,194.27533377106587,42.10768220617203,882.9480817546441,830.6617707680563,318,7.029632163451383
34472,691,233.84626690182245,271.24279835390945,302.5833333333333,902.6787651458092,681.6951111647587,1106,7.070836450410551
3845,134,99.42584963954684,130.47150703741846,60.36165465156196,1143.3931025180252,873.0827400590615,426,7.079535823676591
38296,806,322.43367346938777,248.87244897959184,341.5357142857143,793.1734723248424,732.0083538122301,1212,7.088015358914823
3370,182,311.5147018411652,272.30612805715856,73.57790601813686,821.7829632420319,717.2103412688562,405,7.091848033003497
2874,177,363.69159437630873,330.1687107388573,74.63984445109183,738.9140929991379,648.1529493997779,382,7.107451776582563
32452,676,418.3190661478599,216.5455252918288,295.6722178988327,661.9644277735935,786.2677331379344,1065,7.110729393883184
6221,305,374.45874689826303,421.0043424317618,121.60173697270471,684.6547136734335,518.9169731876456,518,7.120107845984016
11138,332,43.08824409213282,301.78701764881845,143.07897098414597,1161.1507175700738,614.6107876347969,658,7.131272896508244
7767,313,376.4597156398104,326.5876777251185,132.05420616113744,705.371931234157,643.2202785519866,570,7.134229804403349
16470,491,274.3496458467482,316.9800386349002,194.25949774629748,836.5809757854058,626.4491976694961,777,7.1397290316630535
37229,795,394.79020059191055,384.5317329825715,341.7823084511673,663.93749611271,544.5668615961604,1179,7.158598610855207
16922,465,277.8574453069866,261.2860503410962,192.78593272171253,846.4463174809885,706.3584654037153,786,7.160928987776939
4599,237,487.0502436053593,255.83952496954933,97.4467113276492,582.0551600393743,766.5370497467692,458,7.167054148840534
38783,798,141.3681885125184,73.37407952871871,337.4653902798233,1090.120257361879,952.0054736237224,1226,7.191091882961544
7651,236,263.56526548672565,25.151272123893804,99.46819690265488,934.2478585716736,1048.685822240432,566,7.198050919439384
29899,613,187.52894475686404,144.4414488918293,263.0982467747271,993.4399087451694,852.365522498338,1017,7.210688852457621
32578,704,190.2923595505618,437.7692134831461,299.2029213483146,936.2209269107902,432.10196626651856,1067,7.213395204721331
17599,489,254.7665020206556,338.8808561592576,201.27810208052688,865.1904667025954,599.8127750914231,800,7.234390835579166
11545,369,347.2687747035573,143.71225296442688,147.39604743083004,782.3215964597014,890.8403551111102,668,7.24716644645256
2212,67,370.2003029155623,237.66805502966048,55.11674870629812,774.4293231032353,773.4427889336771,355,7.30056746659216
30684,637,15.904337492572786,320.04218657159834,273.9477124183006,1198.6390160132878,569.230215835117,1031,7.3016593427038865
17315,454,251.56905071521456,145.34356306892067,189.19063719115732,907.6114359936006,870.1231375503867,794,7.307633969520682
23850,538,164.68847749760613,149.63485477178423,226.0564953718481,1025.995536340592,842.5001808027554,915,7.331575286841715
11347,377,137.85507246376812,280.8219461697723,147.48447204968943,1037.8339463752911,663.93749611271,663,7.339237120789425
13728,406,22.165242758908107,466.0852260887685,174.06501354448844,1153.2584442136078,373.89645026258114,717,7.352318069549439
5109,147,64.71909212283045,58.502269692923896,71.44913217623498,1203.5716868610791,976.668827862679,479,7.372575077328236
4490,107,399.0497737556561,28.358920491273437,61.55429864253394,744.8332980164874,1060.5242322751312,453,7.39539901680596
8400,375,266.888,498.1,144.588,812.9041557160075,385.73486029728025,587,7.4086534988455135
4816,200,152.06289308176102,213.5797810389005,82.13976240391335,1039.8070147144076,769.496652255444,469,7.428577084364436
31337,718,307.86518701191943,472.2486642005754,300.01890669954787,763.5774472380945,406.45207785800375,1044,7.459116580548461
6763,301,449.0439037291722,269.4062417349907,120.48770166622586,624.4761293303795,738.9140929991379,536,7.494311727281711
3599,99,16.221751605410574,210.16272714851755,58.25823199890696,1224.2889044218025,753.7121055425118,417,7.528597998337859
3851,209,296.1107625482625,310.04874517374515,85.61872586872587,829.675236598498,656.0452227562439,426,7.545733720348977
26097,604,466.3952023988006,233.49655172413796,257.3805097451274,586.0012967176074,775.4158572727936,953,7.565482136861207
12059,453,268.2870292887029,488.089539748954,172.96066945606694,810.931087376891,391.65406531462986,680,7.579128207893778
7717,242,32.08689483951055,242.55293491753855,109.414257847136,1194.6928793350548,701.425794555924,568,7.652076742425853
21655,570,336.882851445663,364.561814556331,234.96959122632103,742.860229677371,569.230215835117,876,7.654735773129444
18357,449,20.32038288288288,2.6908783783783785,181.1824324324324,1259.8041345259,1039.8070147144076,815,7.679759582185714
35718,727,251.6205586167585,244.78472354170623,311.79593387801634,883.9346159242024,717.2103412688562,1136,7.6962581080478145
6233,253,341.40645043063955,249.97159611508155,108.89224848818031,774.4293231032353,751.7390372033954,519,7.696911861084854
30635,631,214.21612175873733,254.0630214205186,276.78962795941374,933.2613244021154,696.4931237081327,1031,7.733917882163913
6644,309,335.5188155459593,504.7168414558914,130.86428130783466,721.1564779470892,384.748326127722,532,7.744032446789044
6222,229,188.6403110823072,240.08576366385827,101.15251674227694,984.561101219145,737.9275588295797,518,7.759370286803123
35828,756,164.520540683806,375.291280148423,319.2414524251259,986.5341695582616,512.997768170296,1139,7.773640391310812
13736,410,188.9753045768851,169.1182087586434,163.50642081000987,995.412977084286,827.7021682593814,717,7.806023031199317
11783,368,380.1204349038193,57.22497909116253,143.79871759130194,751.7390372033954,1019.0897971536842,673,7.837994700731658
9715,310,422.0557768924303,68.80810092961488,130.30898627711375,695.5065895385744,1010.2109896276598,622,7.86992276927075
17456,441,3.22982158028887,132.9910790144435,179.9732370433305,1252.8983953389925,842.5001808027554,797,7.873072162267357
40505,817,205.75283680627192,187.52279760676709,360.5166082112647,979.6284303713536,795.1465406639588,1282,7.917773778244162
13231,411,28.364526139890188,451.5063260921461,169.34208641680593,1151.2853758744911,394.61366782330464,706,7.92004073225917
29429,615,104.19231896804456,116.76956904133684,257.86631486367634,1120.7028166181851,875.055808398178,1008,7.92080736580891
38762,809,134.05952952472396,304.1881901104177,345.8881421027364,1045.7262197317573,604.7454459392144,1226,7.945728886119949
11450,416,226.3041095890411,476.7142857142857,166.6880626223092,869.1366033808284,400.5328728406542,665,7.949068106354182
19812,497,28.085325558794946,183.8114674441205,200.33760932944605,1207.517823539312,773.4427889336771,843,7.955178394861215
4887,174,60.37726008344924,172.759735744089,75.14464534075104,1173.9756617743312,807.9714848682162,472,7.968995441502061
42286,843,410.10106992739776,168.3572793274742,382.94593045471913,695.5065895385744,855.3251250070127,1339,8.020234295737778
43322,852,227.81406857546835,172.7592788971368,391.9688936019795,952.0054736237224,816.8502923942406,1383,8.021911566171376
30838,632,175.49673842139595,209.21787345075015,273.51272015655576,1001.3321821016356,751.7390372033954,1034,8.022211366815572
37132,736,38.72772413793104,103.06951724137932,311.927724137931,1218.369699404453,895.7730259589015,1176,8.03308886510848
9515,355,119.62099447513812,401.44125230202576,140.9425414364641,1033.8878096970582,493.2670847791308,617,8.037116756263677
16372,448,220.990404133604,218.6224395644953,183.55194685366305,934.2478585716736,758.6447763903032,775,8.086831853746487
31068,664,209.75441936361165,343.7786238781616,285.1057927658417,925.3690510456494,569.230215835117,1039,8.11782681574554
33472,669,92.11514104778354,133.81846094799462,287.19919401266554,1136.4873633311174,852.365522498338,1085,8.122851627316159
27039,584,100.28787569004294,215.0797382948272,248.19239419341648,1101.9586673965782,732.9948879817883,968,8.145832515658169
27447,590,65.63185298621745,211.9411944869832,251.59203675344563,1147.3392391962582,731.0218196426719,976,8.167850564461528
4084,228,371.7660538907076,501.9226894988668,101.61344749433393,680.7085769952005,406.45207785800375,435,8.170750249035626
3577,214,372.10425745893394,414.7841099564197,89.99430103922226,702.4123287254822,530.7553832223447,415,8.210628542387088
18019,474,169.4585448392555,159.35532994923858,188.5424220449601,1017.1167288145676,833.621373276731,809,8.213791547140103
34211,708,41.36321970782011,309.28816957891723,300.20939558865655,1166.083388417865,586.9878308871656,1100,8.233977645318424
24622,588,150.20548780487806,355.8323170731707,244.3841463414634,1000.3456479320772,544.5668615961604,927,8.242142345472406
34044,690,118.80678214198583,230.79482800683093,294.8702122468895,1076.3087789880633,712.2776704210648,1097,8.248660703742882
35298,710,415.13406354666427,142.95066533900606,310.0055218611388,673.8028378082927,894.7864917893432,1124,8.267897222261302
3620,175,291.5549221661916,226.96316597237447,73.46261784696338,856.3116591765711,776.4023914423518,418,8.272073307484757
34054,697,257.43287147634976,217.90492116579077,300.27870680044595,881.9615475850858,757.6582422207449,1097,8.299773127301545
22553,541,103.9336002669336,476.2328995662329,236.67567567567568,1041.7800830535243,366.0041769061151,893,8.303203496649315
9078,353,348.5409482758621,387.8280480295567,144.95289408866995,726.0891487948805,551.4726007830682,605,8.335769825515166
34227,670,106.83508008700812,155.35139410717818,291.3430887878189,1111.8240090921608,817.8368265637988,1100,8.345087966386345
4447,220,367.59929623927866,324.6729711897955,94.34308335166044,728.062217133997,654.0721544171274,451,8.347641087667412
33608,706,359.6392393490583,246.67343207167676,302.0947156701408,732.9948879817883,732.0083538122301,1088,8.348131413773936
12097,428,313.219385719984,395.7371360191464,167.61667331471878,770.4831864250023,527.79578071367,681,8.411055622027718
41587,844,156.64655172413794,370.0923645320197,379.4125615763547,1004.2917846103104,515.9573706789708,1316,8.442286596264049
9735,325,105.13175230566534,347.2945981554677,137.62108036890646,1066.443437292481,565.2840791568839,623,8.444693688055608
36105,712,145.78384556769117,156.98653797307594,310.26136652273306,1051.6454247491067,824.7425657507067,1147,8.469241728548104
1917,163,262.21488372093023,507.24930232558137,68.23162790697674,822.7694974115901,381.7887236190472,331,8.49598209828667
19578,512,357.64304979253114,382.6678423236514,220.9227178423237,717.2103412688562,546.5399299352769,838,8.504447155468558
35083,768,258.16460905349794,463.7152263374485,324.4353909465021,835.5944416158476,407.4386120275621,1120,8.517971337762694
14745,457,130.7958435207824,432.8272790778904,184.61107230178132,1011.197523797218,441.9673079621012,739,8.594451558431436
23887,580,405.5233302836231,349.7950594693504,249.63708447697468,652.0990860780109,598.8262409218647,915,8.639207161015564
5858,208,116.50375455910748,241.83673031538297,92.80948294357434,1077.2953131576216,721.1564779470892,505,8.647925964300395
36632,740,214.9293344289236,28.624212544508357,310.79813749657626,986.5341695582616,1024.0224680014755,1160,8.648176409211622
19703,543,172.94518518518518,472.7718518518519,220.31703703703704,944.1132002672564,385.73486029728025,841,8.659132358685158
6802,277,293.4108818011257,373.78638434736,120.37469847225944,804.0253481899832,569.230215835117,537,8.673458420922502
8548,283,151.75408450704225,250.82112676056337,125.35014084507044,1020.0763313232424,721.1564779470892,591,8.686995860147904
27365,634,194.47869674185463,493.34753550543024,269.3880534670008,916.490243519625,355.1523010409742,974,8.692387075098914
11687,346,154.35944164404808,221.71907716169056,149.3299728576968,1029.941673018825,754.6986397120701,671,8.697434237903291
32524,695,318.8105874469511,322.4947509492964,297.2814384632566,774.4293231032353,620.5299926521466,1066,8.715160965180008
33178,675,164.34969153112732,203.14610207515423,289.165731912507,1018.103262984126,758.6447763903032,1080,8.790858041542755
35692,757,112.42062009712365,386.3130369816959,318.042211430706,1053.6184930882234,488.3344139313395,1135,8.792409806228703
14341,424,151.4440694310511,230.23095467695276,165.74541947926713,1026.9820705101504,734.9679563209048,730,8.796695146444465
16305,407,360.9329093799682,53.94610492845787,174.75850556438792,774.4293231032353,1016.1301946450094,773,8.878443646316608
23967,551,421.6305283757338,85.3522504892368,230.0692759295499,683.6681795038753,975.6822936931206,916,8.882347201782666
13585,469,342.6793032786885,386.8944672131148,179.422131147541,733.9814221513466,542.5937932570439,714,8.895262507389177
6760,246,137.8480794130341,146.20932239965472,98.72183858437634,1073.3491764793887,862.2308641939206,536,8.900442781515157
39841,803,100.86622917718324,241.6638061585058,351.65219586067644,1104.918269905253,690.5739186907831,1260,8.90209784942324
41268,818,330.7257394914375,57.46912298910223,365.4878048780488,828.6887024289397,1003.305250440752,1306,8.967736833426038
11518,347,33.92338461538461,219.59846153846155,139.72,1192.719810995938,732.9948879817883,667,8.982708577570172
16728,451,145.17924096936443,113.26063100137176,174.1755829903978,1062.4973006142477,897.7460942980181,782,9.000900143231714
8619,337,432.50122377622375,394.7772727272727,146.26975524475523,609.6781167870056,558.3783399699761,593,9.004277575118364
20331,511,4.447309417040358,288.39910313901345,208.2085201793722,1219.3562335740112,617.5703901434717,853,9.022638238007753
38390,783,117.35302325581397,201.35767441860463,338.39093023255816,1081.2414498358546,752.7255713729536,1215,9.025298148421353
35899,772,361.03041825095056,463.197401774398,331.38783269961976,693.5335211994578,428.1558295882856,1141,9.027300310363998
36843,775,209.85640025990904,288.03053931124106,327.6413255360624,940.1670635890232,645.193346891103,1167,9.040610348655752
42616,838,79.59720605355064,166.92945285215367,381.0882421420256,1155.2315125527243,794.1600064944006,1352,9.070258736789542
32172,728,308.8631067961165,493.740291262136,307.56456310679613,757.6582422207449,370.9368477539064,1059,9.07254875194464
5923,218,46.15386940749698,293.2224909310761,93.63059250302298,1162.137251739632,636.3145393650788,508,9.07328914906597
16394,468,309.1389231401562,261.47924373201806,189.5782983970407,803.0388140204249,710.3046020819484,775,9.106287331687458
34198,735,62.91225674291567,425.5933765790372,307.8405599180608,1116.7566799399522,423.2231587404942,1100,9.145182247601165
4238,91,256.4431722982407,53.83635855906172,59.832076701107695,931.2882560629988,1020.0763313232424,442,9.18277211634629
12305,351,23.062872975277067,133.93925831202046,143.67135549872123,1227.248506930477,849.4059199896632,685,9.221578295221333
4112,189,215.14906146485092,228.9423997055576,77.40264998159735,952.9920077932808,759.6313105598614,437,9.22868291061425
8798,328,94.02602230483272,339.0669144981413,129.01177199504338,1079.268381496738,576.1359550220247,598,9.244680417220945
4627,194,197.70448490230905,214.14387211367676,81.41318827708703,980.614964540912,778.3754597814684,459,9.247739794102236
39772,801,104.1621867881549,48.61138952164009,344.7640091116173,1142.4065683484669,976.668827862679,1258,9.25039089369112
11056,370,423.3101265822785,94.9873417721519,140.8987341772152,690.5739186907831,979.6284303713536,656,9.2530771169307
29152,621,16.266685440720924,249.83047029005917,263.0723739791608,1213.4370285566615,668.8701669605014,1004,9.258858587766913
33619,654,392.4838459550272,26.62781080382528,291.1978547428276,736.9410246600214,1057.5646297664564,1088,9.27019521742228
4778,234,433.1842830882353,184.8561580882353,91.25689338235294,668.8701669605014,859.2712616852458,467,9.286936201331851
11059,367,123.6161369193154,240.8661369193154,140.2127139364303,1064.4703689533642,717.2103412688562,656,9.309612473049247
5522,257,229.11238670694863,413.329003021148,108.22537764350452,886.8942184328771,502.1458923051552,491,9.33880306991697
25233,578,395.675645342312,81.51066217732884,236.42312008978675,724.116080455764,976.668827862679,938,9.344774798112551
25915,596,344.7822117010484,297.22201555630704,257.1126141359486,743.8467638469292,660.9778936040352,950,9.371708466546377
24275,537,252.5693365875305,31.86554248946084,223.7335256268028,927.342119384766,1029.941673018825,921,9.39090546292595
13675,404,183.21725239616612,122.06389776357828,153.7923322683706,1009.2244554581016,886.8942184328771,716,9.392540361709411
8787,373,373.5590551181102,372.1181102362205,142.2755905511811,699.4527262168075,584.0282283784909,598,9.401159632542148
28946,646,382.1288141786954,387.89037091174856,281.67019915951033,676.7624403169674,541.6072590874855,1000,9.417204062034012
3152,165,467.6048979591837,179.14183673469387,70.75673469387755,632.3684026868457,877.0288767372946,394,9.429934035913927
1874,152,231.08934517203107,506.788013318535,65.14539400665927,862.2308641939206,375.8695186016977,326,9.461843824236205
6749,248,331.7878311629996,191.09856308935787,113.5734171531208,800.0792115117501,827.7021682593814,535,9.464063518254562
17206,461,120.05786471067644,271.2579462102689,187.55541972290135,1062.4973006142477,664.9240302822683,792,9.478992247919676
15833,447,280.4459868753155,222.01766784452295,182.02094901564865,854.3385908374545,761.604378898978,763,9.515592111533152
3455,118,69.88803191489362,227.9651595744681,59.3843085106383,1159.1776492309573,739.9006271686961,410,9.546521274580078
13524,466,468.098104793757,310.0836120401338,180.4392419175028,571.2032841742334,673.8028378082927,712,9.556555756260664
16777,495,46.264550264550266,496.8660968660969,199.6096866096866,1117.7432141095103,329.50241263245937,783,9.639512230814846
13821,452,315.31624758220505,367.1769825918762,179.06673114119923,773.4427889336771,563.3110108177674,719,9.65030155701404
29504,643,190.80570304818093,458.003343166175,279.2405113077679,930.3017218934408,402.50594117977073,1010,9.654846933736732
22589,577,316.7785409035409,402.3391330891331,242.9224664224664,762.5909130685362,512.0112340007378,893,9.68758128249345
20109,483,163.06990562740302,64.66620062915065,195.18804613771408,1049.6723564099902,967.7900203366546,849,9.711430010052425
28765,627,135.76134969325153,308.2644171779141,267.17116564417177,1033.8878096970582,604.7454459392144,998,9.72739280344324
17689,519,303.65915273999224,345.2036533229693,208.5678196657598,791.2004039857258,592.9070359045152,802,9.74108404420418
32247,660,233.23058103975532,191.25117227319063,286.77125382262994,923.3959827065328,791.2004039857258,1060,9.745844038637388
35600,711,157.17508278145695,153.0962334437086,303.65293874172187,1039.8070147144076,834.6079074462892,1133,9.754982935591611
24170,601,435.1035973711519,369.0748875821515,254.2487028709789,607.7050484478891,576.1359550220247,920,9.770041328165725
5817,201,32.94318181818182,173.10464015151516,83.7606534090909,1209.4908918784288,801.0657456813084,503,9.770827053697632
7662,302,342.21915068815434,477.1566874485355,139.98635454652393,712.2776704210648,426.182761249169,566,9.791225425291804
24017,589,254.04983882965536,403.7803124225143,248.42152243987107,849.4059199896632,495.2401531182473,917,9.818225463379129
35267,743,470.2841086481424,215.8610677489853,314.1598501404933,588.9608992262822,804.0253481899832,1124,9.837930481647833
19234,471,109.41131398761004,199.5960221715031,197.32001956309097,1091.1067915314372,763.5774472380945,831,9.846368460453844
18222,484,86.92369324685235,220.08813429988555,191.5242273941244,1115.7701457703938,729.0487513035553,812,9.853480496945302
27378,642,444.3537604456824,335.7785515320334,271.408077994429,597.8397067523065,624.4761293303795,974,9.86410175258001
34553,688,132.89268417027785,126.74369105276574,294.54766760132554,1081.2414498358546,862.2308641939206,1108,9.867391647939492
14960,393,34.86615628299894,172.3051742344245,163.86430834213306,1199.6255501828462,793.1734723248424,744,9.86961999946183
5612,193,47.90649269959615,122.97110904007457,79.7896862379621,1201.5986185219626,879.0019450764111,494,9.890925990015788
3585,132,27.72671755725191,266.58201865988127,61.80033927056828,1207.517823539312,663.93749611271,415,9.899255787332972
8258,239,183.24376167034455,7.512306908844,101.5764725852996,1051.6454247491067,1060.5242322751312,583,9.901778171751884
4483,202,277.0631022691949,208.132732359341,82.65340379235312,876.0423425677362,799.0926773421919,453,9.902352408752805
31015,618,8.019406709176602,35.274743554200164,261.485167729415,1275.588681238832,977.6553620322372,1037,9.91084331350087
16193,467,12.103504043126684,403.07951482479785,186.53288409703504,1179.894866791681,461.6979913532664,771,9.919013826366053
12940,435,460.4700036359229,369.1306508302024,179.92485759301903,582.0551600393743,588.9608992262822,699,9.936183098371217
18389,479,354.5667104111986,139.32327209098864,195.88320209973756,765.550515577211,889.8538209415519,816,9.94318263485624
28658,626,130.05260389268807,300.1578116780641,265.64597580220936,1045.7262197317573,613.6242534652387,996,9.948640799743991
12102,333,18.101111111111116,2.8455555555555554,133.5811111111111,1261.7772028650163,1042.7666172230824,681,9.949324327636385
2093,161,495.6620752984389,267.08815426997245,69.08172635445362,575.1494208524665,761.604378898978,349,9.99286495218078
16444,420,163.31885456885456,124.88256113256114,173.31306306306303,1035.8608780361749,884.9211500937606,776,10.00995296975378
16208,431,20.258534136546185,245.28865461847388,178.5369812583668,1205.5447552001956,684.6547136734335,771,10.039198689565428
31929,709,227.50371593724196,406.6102394715112,295.5532617671346,888.8672867719937,483.4017430835482,1054,10.047051721221017
3953,222,228.15444015444012,349.4864864864865,86.38095238095238,901.692230976251,593.8935700740734,429,10.092309899456549
2886,153,267.65781083953243,265.5425079702444,64.94633368756642,875.055808398178,720.169943777531,382,10.093216798459146
16614,396,79.71984231274638,115.17634691195796,171.5137976346912,1148.3257733658163,882.9480817546441,780,10.096663453338437
28923,636,302.8531139835488,238.7843713278496,269.35605170387777,811.9176215464493,733.9814221513466,1000,10.10696662818045
15826,433,289.5773480662983,195.66988950276243,180.24551104972372,845.4597833114302,802.0522798508666,763,10.19295522987577
30645,648,20.72608468374281,338.1495033978045,276.49607945635125,1187.7871401481468,544.5668615961604,1031,10.196676145424188
38322,773,79.64244521337947,3.0449826989619377,326.5513264129181,1186.8006059785887,1040.793548883966,1213,10.243162292349178
11475,390,278.392199017199,290.78746928746926,154.1858108108108,842.5001808027554,670.8432352996178,666,10.315041860195096
4406,131,7.309821057012068,159.41364960466083,61.407407407407405,1231.1946436087103,819.8098949029154,449,10.321563423815377
7540,273,456.0689865689866,79.95665445665446,110.02503052503052,648.1529493997779,1004.2917846103104,563,10.32945076453623
25795,599,234.24276377217555,312.4441332088391,253.2374727668845,891.8268892806684,621.5165268217048,948,10.338728793361058
3010,192,136.26223337515682,470.20254525900697,78.91862340921313,988.507237897378,397.5732703319794,388,10.345498419678336
10940,385,387.04661016949154,238.14467312348668,150.11198547215497,707.3449995732735,766.5370497467692,654,10.365319119729117
18002,477,139.15612648221344,103.0494071146245,182.2806324110672,1072.3626423098303,911.5575726718336,809,10.401724249539123
26507,619,345.35477561664675,377.38813430403127,264.4388786265348,725.1026146253223,550.4860666135099,959,10.405567693556296
25397,587,24.20616570327553,333.96339113680153,242.09922928709057,1178.9083326221223,553.4456691221848,941,10.418165166691509
43127,850,374.9214228829307,147.93761614016458,390.0629147863021,750.752503033837,876.0423425677362,1372,10.483086246907906
3985,231,331.25887871342417,432.6363636363636,95.61693098056736,749.7659688642788,499.1862897964804,431,10.568304644297204
10068,345,9.924107142857142,403.9450334821428,137.30859375,1186.8006059785887,465.64412803149946,631,10.600060617447689
6875,285,186.52535657686207,347.91521394611726,117.3906497622821,955.9516103019556,585.0147625480491,540,10.602132128005543
17333,502,88.05135045015005,443.9366455485162,202.6755585195065,1071.376108140272,416.3174195535864,794,10.614859551137384
33543,671,93.425,22.875,280.75,1153.2584442136078,1008.2379212885434,1087,10.617565254050344
10361,387,487.4628261939931,250.1782373215165,158.7838503200394,560.3514083090926,758.6447763903032,640,10.686827016381017
5980,259,324.37095253065075,255.03898145237343,106.22257151839044,796.1330748335171,739.9006271686961,510,10.737705137721932
24563,569,3.3551609322974474,320.7669256381798,234.15538290788007,1215.4100968957782,567.2571474960004,926,10.750645807304476
10375,371,432.4635316698656,155.66554702495202,142.83397312859884,659.991359434477,887.8807526024355,640,10.768605839974027
4123,215,373.0819990295973,255.14313440077632,84.7103347889374,734.9679563209048,751.7390372033954,437,10.785280310851968
29137,662,398.2109004739336,383.3943805010156,284.3012863913338,655.0586885866857,551.4726007830682,1004,10.788193803048252
31217,645,270.01474346373107,283.2148614114409,283.2934932180067,846.4463174809885,663.93749611271,1041,10.826664489841564
36150,730,14.28453545232274,189.0473716381418,309.5174205378973,1229.2215752695938,750.752503033837,1148,10.836912597330397
23217,547,5.224657534246576,359.1682974559687,230.54598825831704,1201.5986185219626,515.9573706789708,904,10.839922224899508
17652,490,459.68845228548514,90.69647153167602,191.2858861267041,632.3684026868457,981.6014987104704,801,10.862792611127178
17340,432,208.1865036034069,43.5660624590522,176.01812622843417,989.4937720669363,1006.2648529494268,795,10.896873937052488
40910,835,359.9597902097902,369.45920745920745,378.4731934731935,719.1834096079726,557.3918058004177,1294,10.956602482505014
6772,232,416.40269092287286,105.29979154822816,100.2442675762744,703.3988628950405,962.8573494888632,536,10.967227937237942
16836,423,54.3228527607362,145.17542177914112,175.89091257668713,1178.9083326221223,834.6079074462892,785,10.983420217319296
16831,478,71.71737431622819,439.5488408439698,198.33029434748636,1095.0529282096704,419.2770220622612,785,11.018066198917818
26535,622,232.85687022900763,449.82470010905126,264.1998364231189,872.0962058895033,422.23662457093593,960,11.034733788176307
29840,639,102.78986960882648,308.660481444333,272.21564694082247,1077.2953131576216,596.8531725827482,1016,11.143582066936109
7506,350,414.6759259259259,405.3271604938272,134.23765432098764,630.3953343477291,546.5399299352769,561,11.236624306722163
37503,758,81.7414737586146,125.37179713730342,321.9047534900159,1154.244978383166,859.2712616852458,1187,11.253119720279775
23982,572,22.89946524064171,463.4543315508021,240.78652406417112,1160.1641834005156,369.95031358434807,916,11.4386446466059
6472,286,167.97664071190212,433.8057100482017,117.83945124212087,962.8573494888632,456.76532050547513,527,11.516504910838382
3428,210,308.7086446104589,397.59978655282816,87.30992529348985,788.240801477051,543.5803274266021,408,11.53746016928672
31024,681,260.9198763670946,384.7857822158821,290.16619115549213,845.4597833114302,519.9035073572038,1038,11.539499174939364
10757,358,186.21286184780723,384.9219968798752,156.24908996359855,945.0997344368146,528.7823148832282,649,11.56257311867096
28891,638,133.84202737698854,357.91897891231963,270.566777654458,1024.0224680014755,536.6745882396943,1000,11.604692019984132
4361,164,455.05537459283386,54.13192182410423,67.56351791530945,664.9240302822683,1036.847412205733,447,11.606917706510362
33881,677,21.930509939498705,202.60172860847015,292.9847882454624,1217.3831652348947,734.9679563209048,1094,11.60787719815404
4770,227,99.28451060244348,435.2005336329168,99.09268361185228,1046.7127539013154,445.9134446403342,467,11.67628657180328
35830,700,39.12583050847458,148.2695593220339,305.0931525423729,1204.5582210306377,819.8098949029154,1139,11.685336655758276
30343,651,99.02227722772275,452.65445544554456,284.7368811881188,1057.5646297664564,391.65406531462986,1025,11.688398817527837
3232,178,168.36233576642337,332.294598540146,74.15386861313868,964.8304178279798,616.5838559739135,398,11.72819457982024
9585,317,466.8816440049444,240.99891841779976,144.797435105068,602.7723776000978,775.4158572727936,619,11.728477751597463
19488,554,290.34653465346537,428.8366336633664,224.9554455445545,795.1465406639588,471.563333048849,837,11.753753164441378
4582,86,18.51393188854489,118.3024278963663,65.86116995274564,1238.1003827956183,873.0827400590615,458,11.81119357844591
3630,159,244.53155479059092,252.09452094090648,75.3938611589214,908.597970163159,732.9948879817883,418,11.943883749406016
4642,255,297.61682892906816,417.2420027816412,101.66133518776078,794.1600064944006,512.997768170296,460,11.951603829228288
35504,726,139.24378426622465,424.16218283819967,314.25219941348973,1010.2109896276598,443.9403763012177,1130,12.001131686675876
4826,251,348.42739443872296,352.7569515962925,100.86405767250255,747.7929005251623,610.664650956564,469,12.002929157946909
12359,378,159.75897980871414,319.54346439957493,162.3577045696068,998.3725795929608,613.6242534652387,686,12.01854744522689
13583,439,12.21820373719108,453.0922242314648,168.90174804098854,1170.0295250960985,389.6809969755133,714,12.05702416286656
12374,386,170.8618320610687,243.15343511450385,152.2152671755725,997.3860454234024,719.1834096079726,687,12.125899432703218
6099,276,481.9218303145853,205.10676835081028,109.5719733079123,594.8801042436318,834.6079074462892,514,12.128170900715162
41401,832,59.10769230769231,127.14769230769232,364.5230769230769,1191.73327682638,849.4059199896632,1310,12.153978099047158
43750,855,78.99333333333334,30.83904761904762,392.9195238095238,1191.73327682638,994.4264429147275,1405,12.257764992127878
6862,249,78.81043663471779,246.8828541001065,102.07987220447284,1120.7028166181851,710.3046020819484,540,12.260776177886408
5072,221,84.77538850740875,334.14076617275026,91.33086375135524,1095.0529282096704,586.9878308871656,478,12.266790099214512
10042,343,408.42878673700073,233.86661642803315,143.1934187390103,677.7489744865256,773.4427889336771,631,12.270195159094149
21641,568,379.82519001085774,299.50922909880563,233.1986970684039,694.5200553690162,660.9778936040352,876,12.29034352066292
25601,575,247.49908054431776,308.5125045972784,251.64435454211107,872.0962058895033,625.4626634999378,944,12.294638359183764
15146,445,403.66150598170304,274.64447572132303,182.42702322308236,671.8297694691761,705.371931234157,748,12.306162116800392
10546,324,335.9887901861252,162.7636421319797,146.47493654822335,801.0657456813084,861.2443300243624,644,12.367869747593442
4935,186,12.992111446794226,325.7104733131923,81.52668680765358,1195.679413504613,583.0416942089325,474,12.439517773192083
8600,262,231.9910435325974,157.13913767965008,117.67840033326392,940.1670635890232,860.257795854804,593,12.473028522631331
36739,716,318.4063319595354,17.848819782690146,310.6937055076808,847.4328516505467,1056.578095596898,1164,12.521697213872097
2219,183,280.431654676259,491.6512355333125,75.75414451047857,804.0253481899832,409.4116803666785,355,12.540019753106233
36149,705,10.906912804399058,27.21700706991359,302.5263157894737,1266.7098737128078,990.4803062364946,1148,12.545667592085142
13160,456,275.4586417766334,410.50337946572256,179.36305117476667,815.8637582246823,504.1189606442717,705,12.571794726401128
11711,363,31.348994914022764,327.5517074352143,150.46451925405668,1171.0160592656564,577.122489191583,672,12.704429951977756
10994,349,123.80716986416468,386.5573449096765,153.8581431172105,1030.928207188383,509.051631492063,655,12.71928809007029
4976,217,317.1750330250991,194.46862615587847,88.59874504623514,824.7425657507067,823.7560315811484,476,12.769474165606477
11705,383,289.7878787878788,400.7202096149464,168.61221234905446,800.0792115117501,519.9035073572038,672,12.77478468577839
14105,399,235.23210161662817,194.18030353018807,168.80270537776312,914.5171751805084,802.0522798508666,725,12.82967799203781
1992,93,140.8879189944134,285.3348463687151,51.410265363128495,1007.251387118985,675.7759061474092,341,12.888031400826543
10445,379,95.6463936430318,486.28056234718827,151.62224938875306,1049.6723564099902,362.058040227882,641,12.939590597574966
34412,722,148.34523076923077,383.808,309.72707692307694,1006.2648529494268,496.2266872878056,1105,12.956349345448729
4302,219,413.6257975034674,325.5933425797504,94.2507628294036,664.9240302822683,660.9778936040352,444,12.965087926915215
17304,462,17.137890317501967,423.8115980057728,198.53765415901336,1172.0025934352147,430.128897927402,794,13.052588991768646
6520,233,236.47370363535708,183.1409854216645,100.49474072707142,934.2478585716736,825.729099920265,528,13.40611369960813
30172,665,324.52698227157606,379.5665302941749,287.0841613091759,753.7121055425118,539.6341907483691,1022,13.600109771220716
8272,290,68.92980344965905,351.0950661853189,124.5072202166065,1115.7701457703938,553.4456691221848,584,13.608181186789023
11382,384,267.7735779816514,244.93394495412844,150.55559633027522,866.1770008721536,734.9679563209048,664,13.647712367478304
23646,614,428.9073514602216,495.2703927492447,257.932527693857,588.9608992262822,393.6271336537464,911,13.80047967410522
11831,414,438.4295212765957,234.44015957446808,159.37765957446808,640.2606760433117,777.3889256119102,675,13.833216659533214
39596,793,8.071555083244775,54.87814381863266,339.8423662770103,1275.588681238832,948.0593369454892,1253,13.992623031326548
30805,655,152.66250547525186,366.2639071397284,284.41414805081035,1001.3321821016356,523.8496440354369,1034,14.09222750882513
39566,791,64.12354583527222,45.35411819450908,342.01279664960447,1196.665947674171,973.7092253540042,1252,14.109696064406249
17182,485,86.65498299764583,413.0253727439184,199.60685325660475,1076.3087789880633,460.71145718370815,791,14.134944630455854
13276,356,2.922274562584118,113.35800807537012,150.64670255720054,1261.7772028650163,873.0827400590615,707,14.183389611842546
6411,281,251.3626354421531,484.1066060817896,125.2396015379238,838.5540441245223,404.47900951888727,525,14.220614293672485
8162,338,268.3622845555931,425.7252450152079,139.05441027374113,824.7425657507067,487.3478797617812,581,14.374782933739944
36979,745,36.540516863775736,57.63688129653964,312.2820849759089,1229.2215752695938,950.032405284606,1171,14.419514702027058
2441,158,358.1723768736617,298.39721627408994,67.23982869379014,760.6178447294196,688.6008503516666,365,14.467205896906108
25420,600,299.1269177126917,336.3919107391911,256.4215481171548,800.0792115117501,596.8531725827482,941,14.591448605713564
3773,197,443.8472012102874,154.0983358547655,75.08850226928895,664.9240302822683,912.544106841392,424,14.622736024684322
4857,206,400.5670326495232,143.5927477607628,92.50202253683906,725.1026146253223,907.6114359936006,471,14.784460272285628
37939,766,58.70025188916877,67.81989924433249,324.5705289672544,1198.6390160132878,943.126666097698,1201,14.833772515804617
1845,120,362.6843209229156,371.3534347142108,58.55060304142632,739.9006271686961,592.9070359045152,323,14.913603197179642
34909,667,145.1238938053097,44.049634474798,294.67756829549825,1076.3087789880633,981.6014987104704,1116,15.002322512990707
9974,340,107.8462982832618,356.98953862660943,142.9267703862661,1059.5376981055729,551.4726007830682,629,15.134459941387426
10845,361,329.8508597883598,194.1570767195767,143.29199735449737,796.1330748335171,817.8368265637988,651,15.138054791344532
42470,836,60.55478502080444,59.77346278317152,374.8465094775775,1209.4908918784288,952.9920077932808,1345,15.14259224716795
30235,686,468.7473028050827,447.2179333493167,294.6844881323424,547.5264641048352,475.5094697270821,1023,15.204749173239536
3482,98,339.7270946353225,110.37281494876432,56.74562989752863,804.0253481899832,952.9920077932808,411,15.213561568463
6611,205,71.59275184275184,19.45669533169533,81.98925061425061,1205.5447552001956,1037.8339463752911,531,15.2778243025692
34984,765,418.83010049076887,475.8198177144192,327.67258705304977,610.664650956564,422.23662457093593,1118,15.295122231876377
5713,252,479.50861403959885,408.52301362818207,114.3620467986629,557.3918058004177,561.3379424786508,499,15.316117474896558
11843,382,409.75,110.39254385964912,145.87280701754386,698.4661920472491,951.0189394541642,675,15.35565378744472
3270,172,97.21058601134216,381.73572778827975,71.78487712665407,1057.5646297664564,524.8361782049951,400,15.44223870941138
23019,546,479.5416204217536,156.94117647058823,231.43100258971512,587.9743650567239,883.9346159242024,901,15.479354557671266
29150,581,81.52076296443474,47.14265845420226,255.2819392012716,1169.04299092654,972.722691184446,1004,15.623016947390957
9397,348,295.7451171875,273.3359375,135.8544921875,822.7694974115901,705.371931234157,614,15.64995987718661
4651,264,309.8470926058866,487.1949030868629,108.22720746590092,764.5639814076527,416.3174195535864,461,15.844016536151354
3172,168,120.23582395087,401.538792221085,75.78096212896622,1025.0090021710337,500.1728239660386,395,16.395077282920756
30640,612,69.81086622245003,61.92721681189134,265.06868272680674,1179.894866791681,949.0458711150476,1031,16.46317777049446
6328,191,191.0179315341424,10.14127875384894,78.87049447563847,1039.8070147144076,1063.483834783806,523,16.589173416666746
32472,739,464.498788368336,455.66155088852986,310.4268982229402,552.4591349526265,460.71145718370815,1065,17.220859248692097
33726,668,102.68677085626238,59.70349988994057,288.09817301342724,1132.5412266528842,959.8977469801883,1091,17.314886477860657
1977,150,393.88907882241216,382.41975308641975,65.96809116809116,695.5065895385744,582.0551600393743,340,17.403043812793268
9625,267,50.71663442940039,2.830754352030948,110.13539651837525,1220.3427677435695,1053.6184930882234,620,18.343156996584263
40266,831,382.3907509546033,409.52927450148496,372.8190496393721,677.7489744865256,507.07856315294646,1274,18.382479161007616
5724,270,313.1611418047882,472.7543738489871,118.84139042357276,759.6313105598614,433.0885004360768,499,18.680506075531397
31728,610,199.60494414071783,14.096862372236748,263.74352270026145,1009.2244554581016,1042.7666172230824,1051,18.7260751719016
42171,833,9.41775147928994,63.3810650887574,368.3621301775148,1280.5213520866234,938.1939952499068,1335,18.90923931377032
7922,291,44.67182748133813,390.5429914293613,124.99115288913464,1134.5142949920007,489.32094810089774,574,18.94390459424506
3588,146,317.948140615921,161.7167344567112,66.34137129575828,829.675236598498,873.0827400590615,416,19.160268405002096
13613,401,485.63017107309486,134.97387247278382,165.69393468118196,588.9608992262822,926.3555852152076,714,19.223900259511712
3041,109,147.87778335844635,201.97371505106312,54.71555332328813,1063.483834783806,788.240801477051,389,19.693771987130678
3812,54,366.6431150887109,44.28937038781599,50.67184801381693,775.4158572727936,1043.7531513926408,425,20.13282653697665
39017,814,417.4644582470669,326.9975845410628,353.1583850931677,648.1529493997779,627.4357318390544,1234,21.31290576012687
2936,108,319.6137963397466,182.64641013608636,56.403097137494136,829.675236598498,842.5001808027554,384,21.64091634879993
30840,630,120.46288023824718,42.55435013826845,270.40310572218675,1114.7836116008357,987.52070372782,1034,22.205799659793545
2354,52,66.48330940416368,370.07178750897344,49.21949030868629,1101.9586673965782,535.688054070136,361,22.238342585239824
5596,244,61.3524829600779,491.2210321324245,104.07667964946448,1094.066394040112,351.2061643627411,494,23.10156952729699
27478,624,70.00617809970174,426.6271836386877,267.7351938645079,1101.9586673965782,421.2500904013777,976,23.149870643295216
14252,438,487.1719328209508,278.99089097637346,179.81611158553943,556.4052716308595,719.1834096079726,728,23.196883859734417
4300,125,167.4970912241614,67.30672112885259,63.39707884639188,1049.6723564099902,1002.3187162711936,444,25.04753765864424
3297,83,124.58608179419524,152.19970316622693,52.22658311345646,1123.66241912686,841.5136466331971,401,26.03325029751346
5285,195,5.8488,404.30266666666665,87.20693333333334,1193.7063451654965,464.6575938619412,483,28.14863883101615
9332,336,49.854134879462926,383.1626487641135,140.33689350015257,1131.554692483326,501.1593581355969,612,28.79270891864333
1924,96,90.50714673421386,447.6960376334359,53.26090103130089,1037.8339463752911,396.5867361624212,333,42.82360838154727
3138,139,16.88826479438315,486.3125376128385,63.97933801404213,1139.446965839792,337.39468598892546,393,57.98272734083485
