age,female,foreign_born,LTHS,high_school,some_college,college,advanced_degree,education_level,ln_real_wage
52,0,1,0,1,0,0,0,high_school,2.14006614685059
46,1,1,0,1,0,0,0,high_school,NA
31,1,1,0,1,0,0,0,high_school,2.49979519844055
35,0,1,0,1,0,0,0,high_school,2.70805025100708
19,0,0,0,1,0,0,0,high_school,2.0794415473938
50,1,1,1,0,0,0,0,LTHS,NA
33,0,1,1,0,0,0,0,LTHS,2.30258512496948
43,0,1,0,1,0,0,0,high_school,NA
39,1,1,0,1,0,0,0,high_school,3.02965044975281
22,0,0,0,0,1,0,0,some_college,2.39789533615112
28,0,0,0,0,0,1,0,college,NA
31,1,1,0,0,0,1,0,college,3.50104284286499
30,1,1,0,0,0,1,0,college,3.50104284286499
20,1,0,0,0,1,0,0,some_college,2.11021327972412
63,0,1,0,1,0,0,0,high_school,2.81839823722839
26,0,0,0,0,1,0,0,some_college,2.44451856613159
23,0,0,0,0,1,0,0,some_college,2.8207836151123
20,0,1,0,1,0,0,0,high_school,NA
55,0,1,0,1,0,0,0,high_school,3.79301428794861
46,1,1,1,0,0,0,0,LTHS,2.63905739784241
39,0,1,0,1,0,0,0,high_school,NA
38,1,1,0,1,0,0,0,high_school,2.4849066734314
41,1,1,0,0,1,0,0,some_college,3.23867845535278
21,1,0,0,0,1,0,0,some_college,2.11021327972412
23,0,1,0,0,1,0,0,some_college,NA
30,1,0,0,0,1,0,0,some_college,2.70805025100708
41,1,0,0,0,1,0,0,some_college,2.56494927406311
19,0,0,0,1,0,0,0,high_school,2.19722461700439
39,0,0,0,0,0,1,0,college,3.17964625358582
40,1,0,0,0,0,0,1,advanced_degree,3.36197137832642
19,1,0,0,1,0,0,0,high_school,2.11021327972412
23,1,1,0,0,1,0,0,some_college,2.39789533615112
51,1,1,1,0,0,0,0,LTHS,2.63905739784241
49,0,1,0,0,0,1,0,college,3.63758611679077
47,1,0,0,1,0,0,0,high_school,2.94443893432617
24,0,0,0,1,0,0,0,high_school,2.63905739784241
47,1,1,0,1,0,0,0,high_school,2.01490306854248
19,1,0,0,1,0,0,0,high_school,1.981001496315
42,0,1,0,0,0,0,1,advanced_degree,4.38800859451294
31,0,1,0,1,0,0,0,high_school,NA
49,1,1,0,0,1,0,0,some_college,NA
21,1,0,0,0,1,0,0,some_college,2.40964412689209
45,1,1,1,0,0,0,0,LTHS,2.39789533615112
23,0,1,1,0,0,0,0,LTHS,2.30258512496948
25,0,1,1,0,0,0,0,LTHS,2.70805025100708
36,1,0,0,1,0,0,0,high_school,2.70805025100708
44,0,0,0,0,0,0,1,advanced_degree,NA
39,1,1,1,0,0,0,0,LTHS,2.63905739784241
38,0,1,1,0,0,0,0,LTHS,3.06944727897644
33,0,1,0,1,0,0,0,high_school,2.53051710128784
33,1,1,0,1,0,0,0,high_school,2.49979519844055
39,1,0,0,1,0,0,0,high_school,2.83321332931519
36,0,1,0,1,0,0,0,high_school,3.06944727897644
45,1,1,0,1,0,0,0,high_school,2.0794415473938
33,0,1,0,0,1,0,0,some_college,2.65324187278748
38,0,1,0,1,0,0,0,high_school,2.30258512496948
46,0,1,0,1,0,0,0,high_school,NA
36,0,0,0,1,0,0,0,high_school,2.70805025100708
39,1,1,0,1,0,0,0,high_school,2.30258512496948
47,0,1,0,1,0,0,0,high_school,NA
28,0,0,0,1,0,0,0,high_school,3.56953263282776
51,0,0,0,0,1,0,0,some_college,2.98163342475891
53,0,0,1,0,0,0,0,LTHS,3.09104251861572
48,0,1,0,1,0,0,0,high_school,2.56494927406311
33,0,0,0,0,0,0,1,advanced_degree,3.87279987335205
32,1,1,0,1,0,0,0,high_school,2.19722461700439
31,0,1,1,0,0,0,0,LTHS,2.95651054382324
31,0,1,0,1,0,0,0,high_school,2.71469473838806
34,0,1,1,0,0,0,0,LTHS,2.4849066734314
54,0,1,1,0,0,0,0,LTHS,2.35137534141541
34,0,1,0,1,0,0,0,high_school,2.42036819458008
27,1,1,1,0,0,0,0,LTHS,2.0794415473938
61,0,1,1,0,0,0,0,LTHS,2.35137534141541
61,1,1,0,1,0,0,0,high_school,2.22462344169617
30,1,0,0,0,1,0,0,some_college,2.89037179946899
41,0,1,1,0,0,0,0,LTHS,2.0794415473938
43,1,1,1,0,0,0,0,LTHS,2.16905379295349
22,0,1,0,0,0,1,0,college,2.4849066734314
31,1,0,0,1,0,0,0,high_school,2.46385335922241
29,0,0,0,0,1,0,0,some_college,2.30258512496948
39,0,1,1,0,0,0,0,LTHS,2.7725887298584
44,1,1,0,1,0,0,0,high_school,2.99573230743408
39,0,1,0,1,0,0,0,high_school,2.70805025100708
43,0,1,0,1,0,0,0,high_school,2.30258512496948
70,0,1,1,0,0,0,0,LTHS,2.63547945022583
52,0,0,0,0,0,1,0,college,3.51612448692322
50,1,1,0,1,0,0,0,high_school,2.26335024833679
21,1,0,0,0,1,0,0,some_college,2.25129175186157
18,1,0,1,0,0,0,0,LTHS,2.11021327972412
41,0,1,0,0,0,0,1,advanced_degree,3.87279987335205
42,0,1,1,0,0,0,0,LTHS,2.56346750259399
42,0,0,0,0,0,1,0,college,3.54429292678833
41,0,1,0,0,0,0,1,advanced_degree,3.64935874938965
42,0,0,0,1,0,0,0,high_school,NA
42,1,0,0,0,1,0,0,some_college,2.0794415473938
41,0,0,0,0,0,1,0,college,3.82150721549988
46,1,0,0,0,0,1,0,college,2.98120212554932
48,0,0,0,0,1,0,0,some_college,2.80336046218872
29,0,0,0,0,1,0,0,some_college,2.83321332931519
42,1,1,0,1,0,0,0,high_school,2.35137534141541
20,1,0,0,0,1,0,0,some_college,2.35335731506348
45,1,0,0,0,1,0,0,some_college,2.99573230743408
51,0,0,0,1,0,0,0,high_school,3.55534815788269
32,0,1,1,0,0,0,0,LTHS,1.94591009616852
39,0,0,0,0,1,0,0,some_college,2.79398322105408
54,1,0,0,1,0,0,0,high_school,2.95651054382324
34,0,1,0,1,0,0,0,high_school,NA
28,1,1,0,1,0,0,0,high_school,2.11021327972412
36,1,1,1,0,0,0,0,LTHS,1.68639898300171
43,0,1,0,0,0,1,0,college,2.82286596298218
64,1,1,0,1,0,0,0,high_school,2.56494927406311
35,1,1,0,0,1,0,0,some_college,2.14006614685059
31,1,0,0,0,0,0,1,advanced_degree,3.11351537704468
50,0,1,0,0,1,0,0,some_college,2.70805025100708
57,1,0,0,1,0,0,0,high_school,2.74083995819092
39,0,0,0,0,1,0,0,some_college,2.11021327972412
37,0,0,1,0,0,0,0,LTHS,2.52665853500366
58,1,1,1,0,0,0,0,LTHS,2.0794415473938
55,1,1,1,0,0,0,0,LTHS,NA
39,1,1,0,1,0,0,0,high_school,2.11021327972412
39,0,1,0,1,0,0,0,high_school,2.30258512496948
32,0,1,0,1,0,0,0,high_school,2.99573230743408
25,1,0,0,0,0,1,0,college,2.58543038368225
25,1,0,0,0,1,0,0,some_college,2.19722461700439
36,0,1,0,0,0,1,0,college,3.53414297103882
21,0,1,0,0,0,1,0,college,2.95650935173035
24,1,0,0,0,0,1,0,college,2.88751578330994
60,0,1,1,0,0,0,0,LTHS,2.4849066734314
26,0,1,0,0,0,1,0,college,2.16905379295349
27,1,1,0,1,0,0,0,high_school,2.01490306854248
49,1,1,0,0,0,0,1,advanced_degree,NA
17,1,0,1,0,0,0,0,LTHS,2.70805025100708
54,0,1,1,0,0,0,0,LTHS,2.19722461700439
56,1,1,1,0,0,0,0,LTHS,2.22251319885254
28,1,1,0,0,1,0,0,some_college,1.57897865772247
57,0,1,1,0,0,0,0,LTHS,2.11021327972412
26,0,0,1,0,0,0,0,LTHS,2.70805025100708
45,1,1,0,0,1,0,0,some_college,2.4849066734314
45,0,1,1,0,0,0,0,LTHS,NA
37,0,0,0,0,0,1,0,college,3.36197137832642
28,0,0,0,0,1,0,0,some_college,2.73274278640747
39,0,1,0,0,1,0,0,some_college,3.21887588500977
42,1,1,0,0,1,0,0,some_college,2.29109072685242
26,0,1,1,0,0,0,0,LTHS,2.56494927406311
54,0,1,1,0,0,0,0,LTHS,2.19722461700439
43,0,0,0,1,0,0,0,high_school,3.62434101104736
18,0,0,0,1,0,0,0,high_school,2.14006614685059
22,0,0,1,0,0,0,0,LTHS,1.94591009616852
46,0,0,0,0,1,0,0,some_college,2.89037179946899
71,1,0,0,0,0,1,0,college,2.89037179946899
50,0,0,0,1,0,0,0,high_school,3.07428932189941
42,1,1,0,1,0,0,0,high_school,2.4849066734314
22,1,0,0,0,1,0,0,some_college,2.55103230476379
20,0,0,0,0,1,0,0,some_college,2.19722461700439
33,0,0,0,1,0,0,0,high_school,3.72617530822754
40,0,1,1,0,0,0,0,LTHS,3.13549423217773
32,1,0,0,1,0,0,0,high_school,2.01490306854248
30,0,0,0,0,1,0,0,some_college,3.91202306747437
35,0,1,1,0,0,0,0,LTHS,2.83321332931519
71,1,0,0,1,0,0,0,high_school,2.66549062728882
29,1,1,0,0,1,0,0,some_college,2.4849066734314
24,0,1,0,1,0,0,0,high_school,2.12026357650757
29,0,0,0,0,1,0,0,some_college,3.26040148735046
26,1,1,1,0,0,0,0,LTHS,2.11021327972412
33,0,1,1,0,0,0,0,LTHS,2.23804664611816
34,0,1,1,0,0,0,0,LTHS,2.16332292556763
67,0,1,1,0,0,0,0,LTHS,2.48648881912231
22,0,0,0,1,0,0,0,high_school,2.52572870254517
40,0,0,0,0,1,0,0,some_college,2.85113978385925
26,1,0,0,0,0,1,0,college,3.64935874938965
36,1,1,0,0,0,1,0,college,NA
47,0,1,0,1,0,0,0,high_school,NA
69,1,1,0,0,1,0,0,some_college,2.52572870254517
37,0,1,1,0,0,0,0,LTHS,2.30258512496948
26,1,0,0,0,1,0,0,some_college,2.83907842636108
26,0,0,0,0,1,0,0,some_college,3.08876729011536
32,1,0,0,0,0,0,1,advanced_degree,2.22252416610718
45,0,1,0,1,0,0,0,high_school,2.70805025100708
45,0,1,1,0,0,0,0,LTHS,3.33398866653442
22,0,0,0,1,0,0,0,high_school,2.56494927406311
26,1,0,0,0,0,1,0,college,2.4849066734314
55,0,1,0,0,1,0,0,some_college,2.82296991348267
51,1,1,0,0,1,0,0,some_college,2.86220097541809
31,0,0,0,0,0,0,1,advanced_degree,2.80235552787781
33,0,0,0,0,1,0,0,some_college,3.21887588500977
41,0,1,0,1,0,0,0,high_school,2.94443893432617
37,1,1,0,1,0,0,0,high_school,2.4849066734314
44,0,1,0,1,0,0,0,high_school,2.52572870254517
34,0,0,0,1,0,0,0,high_school,2.93916201591492
34,1,0,0,1,0,0,0,high_school,2.30258512496948
31,0,1,0,1,0,0,0,high_school,2.70805025100708
22,0,1,0,1,0,0,0,high_school,2.70805025100708
50,1,0,1,0,0,0,0,LTHS,1.99470031261444
60,0,1,0,1,0,0,0,high_school,2.30258512496948
21,1,1,0,0,1,0,0,some_college,2.56494927406311
38,0,1,0,1,0,0,0,high_school,2.11021327972412
43,0,1,0,0,1,0,0,some_college,3.68887948989868
33,0,0,0,1,0,0,0,high_school,3.07428932189941
21,0,0,0,1,0,0,0,high_school,2.14006614685059
18,1,0,1,0,0,0,0,LTHS,2.01490306854248
45,0,0,0,0,0,1,0,college,NA
30,0,1,1,0,0,0,0,LTHS,3.15944409370422
21,1,0,0,0,1,0,0,some_college,2.39789533615112
51,0,1,1,0,0,0,0,LTHS,2.30258512496948
22,0,1,1,0,0,0,0,LTHS,2.26176309585571
48,0,1,1,0,0,0,0,LTHS,2.25129175186157
19,0,1,1,0,0,0,0,LTHS,1.981001496315
41,0,1,1,0,0,0,0,LTHS,2.4849066734314
40,1,1,1,0,0,0,0,LTHS,2.0794415473938
26,0,1,0,0,0,0,1,advanced_degree,2.30258512496948
23,1,1,0,1,0,0,0,high_school,2.7725887298584
27,1,1,0,0,0,0,1,advanced_degree,3.29990267753601
29,0,0,0,1,0,0,0,high_school,2.25129175186157
34,0,1,0,1,0,0,0,high_school,2.25129175186157
61,0,1,1,0,0,0,0,LTHS,2.19722461700439
27,0,1,0,0,1,0,0,some_college,2.70805025100708
21,0,1,1,0,0,0,0,LTHS,2.63905739784241
33,0,0,0,0,1,0,0,some_college,2.70805025100708
39,0,1,1,0,0,0,0,LTHS,2.63905739784241
41,1,0,1,0,0,0,0,LTHS,2.39789533615112
85,0,1,1,0,0,0,0,LTHS,2.14006614685059
18,0,1,1,0,0,0,0,LTHS,2.11021327972412
22,1,1,0,1,0,0,0,high_school,2.11021327972412
40,1,1,0,1,0,0,0,high_school,2.25129175186157
50,0,1,0,1,0,0,0,high_school,2.56494927406311
35,1,0,0,0,0,1,0,college,3.40119743347168
52,1,1,0,0,0,0,1,advanced_degree,NA
35,0,1,0,1,0,0,0,high_school,3.09104251861572
22,1,1,0,1,0,0,0,high_school,2.70805025100708
39,0,1,1,0,0,0,0,LTHS,3.19253182411194
29,0,1,0,1,0,0,0,high_school,2.19722461700439
21,1,1,0,0,1,0,0,some_college,2.30258512496948
54,0,1,0,1,0,0,0,high_school,2.56494927406311
27,1,1,0,1,0,0,0,high_school,2.30258512496948
23,0,1,0,1,0,0,0,high_school,2.30258512496948
30,1,1,0,0,1,0,0,some_college,3.78418970108032
31,0,1,0,1,0,0,0,high_school,NA
20,0,1,1,0,0,0,0,LTHS,2.01490306854248
52,1,1,0,1,0,0,0,high_school,2.39789533615112
33,0,0,0,0,1,0,0,some_college,3.465735912323
29,0,0,0,1,0,0,0,high_school,2.63905739784241
40,1,1,0,1,0,0,0,high_school,2.19722461700439
18,1,1,0,1,0,0,0,high_school,1.50407743453979
55,0,1,0,1,0,0,0,high_school,2.30258512496948
45,0,1,0,1,0,0,0,high_school,2.19722461700439
27,1,1,0,1,0,0,0,high_school,2.11021327972412
27,0,1,0,1,0,0,0,high_school,2.11021327972412
21,1,1,0,1,0,0,0,high_school,2.11021327972412
57,0,1,0,0,1,0,0,some_college,3.30615377426147
48,1,1,0,0,0,1,0,college,2.63492393493652
45,0,1,0,0,1,0,0,some_college,2.35865807533264
43,0,1,0,0,0,1,0,college,3.74496674537659
35,1,0,0,0,1,0,0,some_college,3.76699733734131
32,0,0,0,1,0,0,0,high_school,3.04452252388
40,0,0,0,0,1,0,0,some_college,4.20568704605103
28,1,0,0,0,0,1,0,college,1.981001496315
40,1,1,0,0,0,0,1,advanced_degree,3.95986032485962
40,1,1,0,1,0,0,0,high_school,2.4849066734314
26,0,0,0,0,1,0,0,some_college,2.56494927406311
26,0,1,0,0,0,1,0,college,2.19722461700439
45,1,1,0,1,0,0,0,high_school,2.4849066734314
49,0,1,1,0,0,0,0,LTHS,2.06897020339966
24,0,0,1,0,0,0,0,LTHS,2.30258512496948
23,0,0,0,1,0,0,0,high_school,2.16905379295349
30,0,1,0,1,0,0,0,high_school,1.7917594909668
49,0,1,1,0,0,0,0,LTHS,2.11021327972412
20,0,0,0,0,1,0,0,some_college,2.11021327972412
35,0,0,0,0,0,1,0,college,2.70805025100708
28,0,1,0,0,1,0,0,some_college,2.39789533615112
39,1,1,0,1,0,0,0,high_school,2.14006614685059
43,0,0,0,0,1,0,0,some_college,3.52182078361511
61,1,1,0,0,1,0,0,some_college,2.39789533615112
27,1,1,0,0,0,1,0,college,2.99573230743408
52,1,1,0,0,0,1,0,college,2.33214402198792
24,1,1,0,0,1,0,0,some_college,2.63905739784241
34,0,1,0,1,0,0,0,high_school,2.11021327972412
29,1,1,1,0,0,0,0,LTHS,2.19722461700439
27,0,1,0,0,0,1,0,college,2.30258512496948
34,1,1,0,0,0,1,0,college,NA
28,0,0,0,1,0,0,0,high_school,2.11021327972412
24,1,0,0,1,0,0,0,high_school,0.947789371013641
40,0,1,1,0,0,0,0,LTHS,NA
48,0,1,1,0,0,0,0,LTHS,1.75093746185303
33,0,1,0,1,0,0,0,high_school,2.89037179946899
42,1,0,0,0,0,1,0,college,3.21887588500977
23,0,0,0,0,0,1,0,college,2.61739587783813
16,1,0,1,0,0,0,0,LTHS,2.14006614685059
47,0,1,0,0,1,0,0,some_college,3.07385015487671
45,1,1,0,1,0,0,0,high_school,2.14006614685059
21,1,0,0,1,0,0,0,high_school,2.19722461700439
32,0,1,0,0,1,0,0,some_college,2.39789533615112
68,0,1,0,1,0,0,0,high_school,2.11021327972412
28,1,1,0,1,0,0,0,high_school,2.52572870254517
40,1,1,0,1,0,0,0,high_school,2.70805025100708
36,1,0,0,0,1,0,0,some_college,2.99573230743408
25,1,0,0,0,1,0,0,some_college,2.94443893432617
41,0,0,0,0,1,0,0,some_college,3.47196650505066
24,1,0,0,0,1,0,0,some_college,2.0794415473938
44,1,1,1,0,0,0,0,LTHS,2.30258512496948
59,1,0,0,1,0,0,0,high_school,2.11021327972412
49,1,0,0,0,1,0,0,some_college,3.178053855896
32,0,1,0,0,1,0,0,some_college,2.95651054382324
32,1,0,0,1,0,0,0,high_school,2.30258512496948
29,1,0,0,1,0,0,0,high_school,2.63905739784241
60,1,1,0,0,1,0,0,some_college,2.13179683685303
25,1,1,0,1,0,0,0,high_school,2.16905379295349
23,0,1,1,0,0,0,0,LTHS,2.04769277572632
23,1,1,0,1,0,0,0,high_school,2.30258512496948
31,0,1,1,0,0,0,0,LTHS,2.30258512496948
32,1,1,1,0,0,0,0,LTHS,2.30258512496948
35,1,1,1,0,0,0,0,LTHS,2.44568586349487
43,0,1,1,0,0,0,0,LTHS,2.30258512496948
17,0,0,1,0,0,0,0,LTHS,2.11021327972412
36,0,1,0,1,0,0,0,high_school,2.11625552177429
56,0,1,1,0,0,0,0,LTHS,2.7725887298584
28,0,1,1,0,0,0,0,LTHS,2.4849066734314
30,0,1,1,0,0,0,0,LTHS,2.19722461700439
33,0,0,0,0,0,0,1,advanced_degree,NA
40,1,0,0,0,0,0,1,advanced_degree,3.2693452835083
53,0,1,1,0,0,0,0,LTHS,2.30258512496948
44,1,1,1,0,0,0,0,LTHS,2.19722461700439
52,1,0,0,0,1,0,0,some_college,3.40119743347168
24,1,0,0,0,1,0,0,some_college,2.17475175857544
22,1,0,0,0,1,0,0,some_college,0.810930192470551
37,0,1,1,0,0,0,0,LTHS,2.22462344169617
58,0,0,1,0,0,0,0,LTHS,2.30258512496948
46,1,1,0,0,0,1,0,college,2.60268974304199
24,1,1,0,0,1,0,0,some_college,2.11021327972412
22,1,1,0,0,1,0,0,some_college,2.11021327972412
48,1,1,0,1,0,0,0,high_school,2.14006614685059
52,0,1,0,1,0,0,0,high_school,2.30258512496948
21,0,0,0,0,1,0,0,some_college,2.52572870254517
20,0,0,0,0,1,0,0,some_college,2.30258512496948
28,0,0,0,1,0,0,0,high_school,2.70805025100708
31,0,1,0,0,0,0,1,advanced_degree,3.67434930801392
29,1,0,0,0,0,0,1,advanced_degree,3.17964625358582
57,1,1,0,0,0,1,0,college,2.25129175186157
56,1,0,1,0,0,0,0,LTHS,2.70805025100708
34,1,0,1,0,0,0,0,LTHS,2.52572870254517
39,1,1,0,0,1,0,0,some_college,2.52572870254517
40,0,1,0,1,0,0,0,high_school,NA
42,1,0,0,0,1,0,0,some_college,2.85070633888245
36,0,1,0,1,0,0,0,high_school,3.74950408935547
47,1,1,0,0,1,0,0,some_college,NA
37,1,1,0,0,0,1,0,college,2.66882419586182
32,0,0,0,0,0,0,1,advanced_degree,3.44201946258545
45,0,1,1,0,0,0,0,LTHS,3.40119743347168
18,0,0,1,0,0,0,0,LTHS,1.981001496315
46,0,0,0,0,0,1,0,college,3.36153221130371
27,1,0,0,0,0,0,1,advanced_degree,2.94443893432617
32,0,1,1,0,0,0,0,LTHS,2.56494927406311
42,0,1,0,0,0,1,0,college,2.56494927406311
53,0,1,1,0,0,0,0,LTHS,2.52572870254517
47,1,1,0,0,0,1,0,college,2.7725887298584
24,1,0,0,0,0,1,0,college,2.19722461700439
47,1,1,0,0,0,1,0,college,2.67069435119629
19,1,0,1,0,0,0,0,LTHS,2.14006614685059
18,0,0,1,0,0,0,0,LTHS,2.14006614685059
33,1,1,0,1,0,0,0,high_school,2.19722461700439
38,0,1,0,1,0,0,0,high_school,3.05400133132935
30,1,0,0,1,0,0,0,high_school,2.9279887676239
23,1,0,0,0,1,0,0,some_college,2.89037179946899
28,0,0,0,0,0,1,0,college,3.36124300956726
51,1,0,0,0,1,0,0,some_college,1.93794202804565
22,0,0,0,1,0,0,0,high_school,2.30258512496948
31,1,0,0,1,0,0,0,high_school,2.27521395683289
71,0,1,0,0,1,0,0,some_college,2.7180004119873
39,0,1,1,0,0,0,0,LTHS,2.11021327972412
24,1,1,1,0,0,0,0,LTHS,2.16905379295349
21,1,0,0,0,1,0,0,some_college,2.14006614685059
48,0,1,0,1,0,0,0,high_school,2.70805025100708
41,0,1,0,0,1,0,0,some_college,3.45728349685669
44,0,0,0,1,0,0,0,high_school,2.69124317169189
40,1,0,0,0,1,0,0,some_college,2.86220097541809
54,0,0,0,0,0,1,0,college,3.91551685333252
21,0,0,0,1,0,0,0,high_school,2.22462344169617
85,0,0,0,0,1,0,0,some_college,2.39789533615112
25,0,0,0,0,0,1,0,college,3.09104251861572
31,1,0,1,0,0,0,0,LTHS,2.70805025100708
32,0,0,1,0,0,0,0,LTHS,1.89711999893188
29,0,1,0,1,0,0,0,high_school,2.83321332931519
38,0,0,0,0,0,1,0,college,4.12564420700073
31,0,0,1,0,0,0,0,LTHS,NA
31,1,0,1,0,0,0,0,LTHS,2.11021327972412
41,0,0,0,1,0,0,0,high_school,2.89037179946899
30,0,1,0,1,0,0,0,high_school,3.45946621894836
34,0,1,0,1,0,0,0,high_school,3.45946621894836
22,0,1,0,1,0,0,0,high_school,2.30258512496948
27,0,0,0,0,1,0,0,some_college,2.70805025100708
31,0,0,0,1,0,0,0,high_school,2.98820400238037
78,1,1,0,0,1,0,0,some_college,2.76316952705383
21,1,0,0,0,1,0,0,some_college,2.16905379295349
41,0,1,0,1,0,0,0,high_school,1.94591009616852
32,0,1,0,1,0,0,0,high_school,1.94591009616852
45,1,1,1,0,0,0,0,LTHS,2.4849066734314
25,0,1,0,0,1,0,0,some_college,2.0794415473938
21,1,0,0,0,1,0,0,some_college,2.58399748802185
53,0,1,1,0,0,0,0,LTHS,1.981001496315
44,1,1,1,0,0,0,0,LTHS,2.14006614685059
29,1,0,0,1,0,0,0,high_school,1.0612565279007
58,0,1,0,1,0,0,0,high_school,3.00444412231445
64,1,0,0,1,0,0,0,high_school,2.62466859817505
43,1,1,1,0,0,0,0,LTHS,1.96711242198944
22,1,1,1,0,0,0,0,LTHS,2.23537635803223
27,1,0,0,0,1,0,0,some_college,1.74919986724854
26,0,0,0,0,0,1,0,college,3.09104251861572
56,1,0,0,0,1,0,0,some_college,2.91885113716125
30,1,0,0,0,0,0,1,advanced_degree,2.52572870254517
31,0,0,0,0,1,0,0,some_college,3.17519783973694
44,0,1,1,0,0,0,0,LTHS,2.89037179946899
44,1,1,1,0,0,0,0,LTHS,2.2071750164032
20,1,0,0,1,0,0,0,high_school,2.39789533615112
19,0,0,0,1,0,0,0,high_school,2.16905379295349
50,0,1,1,0,0,0,0,LTHS,2.69732618331909
35,0,0,1,0,0,0,0,LTHS,2.69732618331909
53,0,0,0,1,0,0,0,high_school,NA
26,0,0,0,1,0,0,0,high_school,3.44201946258545
46,1,0,0,1,0,0,0,high_school,2.19722461700439
23,1,0,0,0,1,0,0,some_college,2.70805025100708
44,0,0,0,0,1,0,0,some_college,3.5442943572998
20,0,0,0,0,1,0,0,some_college,2.30258512496948
43,0,1,0,1,0,0,0,high_school,2.89037179946899
24,0,0,0,1,0,0,0,high_school,2.30258512496948
45,1,0,0,0,0,1,0,college,2.98061871528625
43,0,0,0,0,0,1,0,college,4.61115217208862
33,1,0,0,1,0,0,0,high_school,1.74919986724854
31,0,1,1,0,0,0,0,LTHS,2.0794415473938
50,0,0,0,0,0,1,0,college,3.09104251861572
39,0,0,0,0,1,0,0,some_college,2.63108921051025
55,1,1,1,0,0,0,0,LTHS,2.37490582466125
39,1,1,0,1,0,0,0,high_school,2.35137534141541
32,0,1,1,0,0,0,0,LTHS,2.30258512496948
35,0,1,0,0,1,0,0,some_college,3.17964625358582
55,1,1,0,1,0,0,0,high_school,2.70805025100708
44,0,0,0,0,1,0,0,some_college,2.79055142402649
33,1,1,0,1,0,0,0,high_school,2.4849066734314
47,1,0,0,0,1,0,0,some_college,3.24419260025024
22,1,0,0,0,1,0,0,some_college,2.0794415473938
23,1,0,0,0,1,0,0,some_college,2.07317185401917
22,0,0,0,0,1,0,0,some_college,2.39789533615112
29,1,1,0,1,0,0,0,high_school,2.63905739784241
28,0,1,0,1,0,0,0,high_school,2.19722461700439
55,0,0,0,1,0,0,0,high_school,3.66227889060974
32,1,1,1,0,0,0,0,LTHS,2.11021327972412
51,1,1,0,0,0,0,1,advanced_degree,3.8319571018219
25,0,0,0,0,1,0,0,some_college,2.67414855957031
42,0,0,1,0,0,0,0,LTHS,1.94258236885071
43,1,1,0,1,0,0,0,high_school,2.11021327972412
19,1,0,0,0,1,0,0,some_college,2.4849066734314
42,0,0,0,1,0,0,0,high_school,3.09104251861572
43,0,0,0,1,0,0,0,high_school,2.39789533615112
24,1,0,0,0,1,0,0,some_college,2.14124202728271
44,0,1,0,1,0,0,0,high_school,2.4849066734314
41,1,1,0,0,1,0,0,some_college,2.16905379295349
41,1,1,1,0,0,0,0,LTHS,2.25129175186157
57,0,1,1,0,0,0,0,LTHS,2.44234704971313
46,0,1,1,0,0,0,0,LTHS,2.83321332931519
49,1,1,1,0,0,0,0,LTHS,2.63905739784241
19,1,0,0,1,0,0,0,high_school,2.11021327972412
18,0,0,0,1,0,0,0,high_school,2.11021327972412
49,0,1,0,1,0,0,0,high_school,3.36197137832642
27,0,0,0,0,0,0,1,advanced_degree,NA
31,1,0,0,1,0,0,0,high_school,2.67414855957031
35,0,0,0,1,0,0,0,high_school,2.95751094818115
34,0,1,1,0,0,0,0,LTHS,2.30258512496948
30,0,1,1,0,0,0,0,LTHS,2.11021327972412
44,1,0,0,0,1,0,0,some_college,2.95651054382324
25,0,0,0,1,0,0,0,high_school,2.66882419586182
56,1,0,0,1,0,0,0,high_school,3.32773017883301
56,0,0,0,1,0,0,0,high_school,2.18041753768921
22,0,0,0,1,0,0,0,high_school,2.14006614685059
46,0,0,0,0,1,0,0,some_college,3.76743650436401
42,1,0,0,0,1,0,0,some_college,3.17964625358582
27,0,1,0,1,0,0,0,high_school,2.80336046218872
27,0,1,0,1,0,0,0,high_school,2.80336046218872
31,0,0,0,0,1,0,0,some_college,2.35137534141541
47,0,1,0,0,0,1,0,college,NA
26,0,0,0,1,0,0,0,high_school,2.70805025100708
40,1,0,0,0,1,0,0,some_college,2.4849066734314
50,0,1,0,1,0,0,0,high_school,2.52127432823181
23,1,0,0,0,0,1,0,college,2.89037179946899
39,1,0,0,0,1,0,0,some_college,2.56494927406311
43,0,1,0,0,1,0,0,some_college,2.89037179946899
41,1,0,1,0,0,0,0,LTHS,2.39789533615112
20,1,0,0,0,1,0,0,some_college,2.14006614685059
30,1,0,0,0,1,0,0,some_college,2.66882419586182
48,0,0,0,0,1,0,0,some_college,2.30258512496948
46,0,0,0,1,0,0,0,high_school,2.15755939483643
49,1,0,0,1,0,0,0,high_school,2.19722461700439
30,0,0,0,1,0,0,0,high_school,1.981001496315
29,1,0,1,0,0,0,0,LTHS,2.30558061599731
57,0,1,1,0,0,0,0,LTHS,2.01490306854248
47,1,1,1,0,0,0,0,LTHS,2.30258512496948
19,0,0,0,1,0,0,0,high_school,2.4849066734314
29,1,1,1,0,0,0,0,LTHS,2.36085414886475
35,0,1,0,1,0,0,0,high_school,2.83321332931519
28,0,0,0,1,0,0,0,high_school,2.4849066734314
49,0,1,1,0,0,0,0,LTHS,2.11021327972412
43,0,1,1,0,0,0,0,LTHS,3.25809645652771
40,1,1,1,0,0,0,0,LTHS,2.91777062416077
19,1,0,1,0,0,0,0,LTHS,2.0794415473938
36,0,0,0,0,0,0,1,advanced_degree,3.80380654335022
24,1,0,0,0,1,0,0,some_college,2.19722461700439
28,1,0,0,0,1,0,0,some_college,2.72457957267761
42,0,0,0,0,1,0,0,some_college,3.07385015487671
43,0,1,0,1,0,0,0,high_school,2.4849066734314
31,0,0,0,0,1,0,0,some_college,3.24419260025024
41,0,1,0,1,0,0,0,high_school,2.39789533615112
41,1,1,0,1,0,0,0,high_school,2.86220097541809
37,0,0,0,0,1,0,0,some_college,3.19944834709167
49,1,1,0,1,0,0,0,high_school,2.4849066734314
69,0,1,0,0,0,1,0,college,2.7725887298584
48,0,1,0,0,1,0,0,some_college,2.39789533615112
45,0,1,0,1,0,0,0,high_school,2.89037179946899
38,1,0,0,0,0,0,1,advanced_degree,3.05635690689087
50,0,1,1,0,0,0,0,LTHS,2.11021327972412
49,1,1,1,0,0,0,0,LTHS,2.11021327972412
51,0,0,1,0,0,0,0,LTHS,NA
54,0,0,0,0,1,0,0,some_college,2.30258512496948
26,1,1,0,1,0,0,0,high_school,2.19722461700439
27,0,0,1,0,0,0,0,LTHS,2.39789533615112
31,0,1,0,1,0,0,0,high_school,NA
29,1,1,1,0,0,0,0,LTHS,2.0794415473938
43,0,0,0,0,1,0,0,some_college,3.07385015487671
32,1,1,0,1,0,0,0,high_school,2.94443893432617
44,0,1,0,1,0,0,0,high_school,2.30258512496948
27,0,1,0,0,0,1,0,college,2.16905379295349
22,0,0,0,1,0,0,0,high_school,2.8791983127594
53,1,0,0,0,1,0,0,some_college,2.26335024833679
60,0,1,1,0,0,0,0,LTHS,3.07223033905029
32,0,1,0,1,0,0,0,high_school,2.30258512496948
52,1,0,0,0,0,1,0,college,3.64935874938965
58,0,0,0,1,0,0,0,high_school,1.53711724281311
56,0,0,0,0,1,0,0,some_college,2.63905739784241
24,0,0,0,0,0,1,0,college,2.95621156692505
24,0,0,0,0,0,1,0,college,2.95621156692505
47,0,1,1,0,0,0,0,LTHS,NA
53,0,1,1,0,0,0,0,LTHS,2.60268974304199
23,0,1,1,0,0,0,0,LTHS,NA
34,1,1,0,1,0,0,0,high_school,2.30258512496948
40,1,1,0,0,0,0,1,advanced_degree,2.30258512496948
46,0,1,0,1,0,0,0,high_school,2.74083995819092
43,1,1,0,1,0,0,0,high_school,2.68102145195007
19,0,0,0,0,1,0,0,some_college,2.70805025100708
32,0,0,0,0,1,0,0,some_college,2.89037179946899
43,0,1,0,1,0,0,0,high_school,3.55534815788269
41,1,0,0,0,1,0,0,some_college,2.99573230743408
44,0,0,0,0,1,0,0,some_college,3.44201946258545
30,0,0,0,1,0,0,0,high_school,2.70805025100708
52,0,0,0,0,1,0,0,some_college,2.19722461700439
25,1,0,0,1,0,0,0,high_school,2.26335024833679
38,1,1,0,0,1,0,0,some_college,2.4849066734314
22,1,0,0,0,1,0,0,some_college,2.67414855957031
35,0,1,0,1,0,0,0,high_school,2.99573230743408
55,0,1,1,0,0,0,0,LTHS,3.07223033905029
46,1,1,1,0,0,0,0,LTHS,2.11021327972412
61,0,1,1,0,0,0,0,LTHS,2.35327816009521
32,0,0,0,1,0,0,0,high_school,2.35327816009521
19,1,0,0,0,1,0,0,some_college,2.19722461700439
40,0,0,0,0,0,1,0,college,2.59983372688293
36,1,0,0,0,0,1,0,college,2.66882419586182
39,1,0,0,0,0,0,1,advanced_degree,3.09104251861572
40,0,0,0,0,0,1,0,college,3.17434334754944
22,1,1,0,1,0,0,0,high_school,2.20827436447144
61,1,1,0,0,1,0,0,some_college,2.30258512496948
31,1,1,0,0,0,1,0,college,2.95651054382324
22,1,0,0,1,0,0,0,high_school,2.83321332931519
36,0,1,0,0,1,0,0,some_college,3.06805300712585
33,1,0,0,1,0,0,0,high_school,2.93119382858276
39,0,1,1,0,0,0,0,LTHS,2.19722461700439
27,1,0,0,0,0,1,0,college,2.48648881912231
28,0,1,1,0,0,0,0,LTHS,2.14006614685059
34,0,1,1,0,0,0,0,LTHS,2.14006614685059
25,0,1,1,0,0,0,0,LTHS,2.14006614685059
38,0,1,1,0,0,0,0,LTHS,2.14006614685059
72,1,0,0,1,0,0,0,high_school,2.79667139053345
70,1,0,0,0,0,0,1,advanced_degree,3.64935874938965
32,0,0,0,1,0,0,0,high_school,2.66882419586182
30,1,1,0,1,0,0,0,high_school,2.52572870254517
33,1,1,0,1,0,0,0,high_school,2.53963160514832
49,1,1,1,0,0,0,0,LTHS,NA
42,0,0,0,0,0,0,1,advanced_degree,3.64965772628784
50,0,1,1,0,0,0,0,LTHS,2.83321332931519
23,0,0,0,1,0,0,0,high_school,2.14843440055847
22,1,0,0,0,1,0,0,some_college,2.30258512496948
50,1,1,1,0,0,0,0,LTHS,2.31747364997864
40,0,1,0,1,0,0,0,high_school,2.84158158302307
53,1,0,0,0,0,1,0,college,3.09104251861572
17,1,0,1,0,0,0,0,LTHS,2.0794415473938
46,0,1,1,0,0,0,0,LTHS,NA
38,1,0,0,0,1,0,0,some_college,2.30258512496948
26,0,1,0,0,0,0,1,advanced_degree,2.62611675262451
53,0,1,0,0,1,0,0,some_college,2.69597768783569
55,1,1,1,0,0,0,0,LTHS,2.60268974304199
24,1,1,0,1,0,0,0,high_school,2.19722461700439
21,0,1,0,1,0,0,0,high_school,2.4849066734314
65,0,1,0,0,1,0,0,some_college,3.21887588500977
64,1,1,0,0,0,1,0,college,2.99573230743408
20,0,1,0,1,0,0,0,high_school,2.09494566917419
46,0,1,1,0,0,0,0,LTHS,NA
45,1,1,1,0,0,0,0,LTHS,2.30258512496948
38,0,1,0,0,1,0,0,some_college,2.83321332931519
36,0,1,0,1,0,0,0,high_school,3.178053855896
50,1,1,0,1,0,0,0,high_school,2.66722822189331
60,0,1,0,1,0,0,0,high_school,NA
35,0,0,0,0,0,0,1,advanced_degree,4.05443477630615
28,0,0,0,0,0,1,0,college,2.86220097541809
31,1,1,0,1,0,0,0,high_school,2.32727766036987
39,0,1,0,1,0,0,0,high_school,2.30258512496948
35,1,1,1,0,0,0,0,LTHS,3.61091780662537
67,0,1,1,0,0,0,0,LTHS,2.83907842636108
55,1,1,1,0,0,0,0,LTHS,2.45958876609802
37,1,1,0,0,0,1,0,college,2.81341075897217
34,0,1,1,0,0,0,0,LTHS,NA
71,0,0,0,0,0,0,1,advanced_degree,4.2926983833313
65,1,1,0,0,1,0,0,some_college,3.17909502983093
47,0,1,0,1,0,0,0,high_school,3.5354368686676
33,0,0,0,1,0,0,0,high_school,3.36124300956726
63,1,0,1,0,0,0,0,LTHS,1.94591009616852
63,0,1,1,0,0,0,0,LTHS,2.70805025100708
40,0,1,1,0,0,0,0,LTHS,2.30258512496948
42,1,1,1,0,0,0,0,LTHS,2.17475175857544
80,0,1,0,0,0,1,0,college,3.57164311408997
19,0,0,0,0,1,0,0,some_college,2.52572870254517
53,0,0,0,0,1,0,0,some_college,NA
30,1,1,1,0,0,0,0,LTHS,1.52605628967285
45,0,0,1,0,0,0,0,LTHS,NA
42,0,0,0,0,1,0,0,some_college,3.17964625358582
38,0,1,1,0,0,0,0,LTHS,2.14006614685059
44,0,0,0,0,1,0,0,some_college,2.86220097541809
31,1,1,0,1,0,0,0,high_school,2.12026357650757
28,1,1,1,0,0,0,0,LTHS,1.52605628967285
21,0,1,0,1,0,0,0,high_school,2.44524145126343
26,0,1,0,1,0,0,0,high_school,3.51154541969299
23,0,1,0,1,0,0,0,high_school,2.31253552436829
31,0,1,0,0,0,1,0,college,2.19722461700439
23,1,0,0,0,0,1,0,college,2.56346750259399
57,1,0,0,1,0,0,0,high_school,2.3664984703064
41,1,1,0,0,0,0,1,advanced_degree,3.68887948989868
32,1,1,1,0,0,0,0,LTHS,2.16905379295349
31,0,1,1,0,0,0,0,LTHS,2.44234704971313
43,1,1,0,1,0,0,0,high_school,2.7725887298584
48,0,1,0,0,0,1,0,college,2.99573230743408
69,0,1,0,0,0,1,0,college,2.25129175186157
61,0,1,0,0,0,1,0,college,2.11021327972412
61,0,1,0,1,0,0,0,high_school,2.19722461700439
53,0,1,0,0,1,0,0,some_college,2.77362990379333
53,1,0,0,0,1,0,0,some_college,3.87279868125916
38,1,1,1,0,0,0,0,LTHS,2.47232794761658
57,0,1,1,0,0,0,0,LTHS,2.68102145195007
39,0,1,1,0,0,0,0,LTHS,2.65675687789917
54,0,1,1,0,0,0,0,LTHS,2.14006614685059
27,0,1,1,0,0,0,0,LTHS,2.67414855957031
21,1,1,1,0,0,0,0,LTHS,2.01490306854248
43,0,1,0,1,0,0,0,high_school,2.4849066734314
50,0,1,0,0,1,0,0,some_college,3.13549423217773
45,1,1,0,0,1,0,0,some_college,2.94443893432617
19,0,0,0,0,1,0,0,some_college,2.14006614685059
17,1,0,1,0,0,0,0,LTHS,2.14006614685059
35,0,1,1,0,0,0,0,LTHS,2.14006614685059
37,0,0,0,0,1,0,0,some_college,2.69462728500366
47,1,1,1,0,0,0,0,LTHS,2.29757261276245
60,0,1,1,0,0,0,0,LTHS,2.30258512496948
60,1,0,1,0,0,0,0,LTHS,2.45958876609802
27,1,0,1,0,0,0,0,LTHS,2.4849066734314
48,0,1,1,0,0,0,0,LTHS,2.85933971405029
30,0,1,1,0,0,0,0,LTHS,2.37954616546631
30,0,1,1,0,0,0,0,LTHS,2.14006614685059
29,0,1,1,0,0,0,0,LTHS,2.22462344169617
53,0,1,1,0,0,0,0,LTHS,2.11021327972412
49,0,1,0,0,1,0,0,some_college,2.52572870254517
61,1,1,1,0,0,0,0,LTHS,NA
61,0,1,0,0,1,0,0,some_college,NA
25,0,0,0,0,1,0,0,some_college,2.93012642860413
46,0,1,0,1,0,0,0,high_school,2.77881932258606
37,0,1,0,0,0,1,0,college,2.83321332931519
37,0,1,1,0,0,0,0,LTHS,2.30258512496948
51,0,0,0,1,0,0,0,high_school,2.99573230743408
44,1,1,0,1,0,0,0,high_school,2.71469473838806
23,0,0,0,0,1,0,0,some_college,2.35137534141541
39,1,0,0,0,1,0,0,some_college,2.11021327972412
28,1,1,1,0,0,0,0,LTHS,2.11021327972412
31,0,1,1,0,0,0,0,LTHS,2.54553127288818
28,1,1,1,0,0,0,0,LTHS,2.11021327972412
53,1,1,0,1,0,0,0,high_school,2.99573230743408
57,0,1,1,0,0,0,0,LTHS,2.70805025100708
38,0,0,0,1,0,0,0,high_school,3.64965510368347
31,0,0,1,0,0,0,0,LTHS,2.89037179946899
22,1,0,0,0,0,0,1,advanced_degree,3.3634569644928
53,0,1,1,0,0,0,0,LTHS,3.178053855896
31,0,0,0,1,0,0,0,high_school,3.68887948989868
42,0,1,0,0,0,0,1,advanced_degree,3.91202306747437
27,1,0,0,0,1,0,0,some_college,NA
63,0,1,1,0,0,0,0,LTHS,2.0794415473938
61,1,0,1,0,0,0,0,LTHS,2.34180569648743
35,1,0,0,1,0,0,0,high_school,2.89037179946899
34,0,0,0,0,0,0,1,advanced_degree,2.44451856613159
46,0,1,0,1,0,0,0,high_school,NA
40,0,1,1,0,0,0,0,LTHS,3.49650764465332
41,0,1,1,0,0,0,0,LTHS,3.49650764465332
49,1,0,0,0,0,0,1,advanced_degree,3.24419260025024
53,0,1,0,0,1,0,0,some_college,3.40618491172791
19,1,0,0,0,1,0,0,some_college,2.30258512496948
54,0,1,1,0,0,0,0,LTHS,3.09104251861572
30,1,0,0,0,1,0,0,some_college,2.35137534141541
22,1,0,0,0,1,0,0,some_college,2.30258512496948
30,0,1,0,1,0,0,0,high_school,3.13549423217773
77,1,1,0,1,0,0,0,high_school,2.4849066734314
70,0,1,0,1,0,0,0,high_school,2.99573230743408
55,1,1,0,0,1,0,0,some_college,2.70805025100708
43,0,1,0,1,0,0,0,high_school,2.70805025100708
39,1,1,1,0,0,0,0,LTHS,2.26592111587524
